"","path","filename","name","weight","category","source","notes","sdm_max_value","n_obs_inat","n_obs_ebird","taxon_group","prov_status","bc_status","fed_status","IUCN_status"
"1","/home/jay/Programming_Projects/bowen.biodiversity.webapp/inst/extdata/sdm/Accipiter.cooperii_NAs_pu_mask.tif","Accipiter.cooperii_NAs_pu_mask.tif","Accipiter cooperii",1,"Bird","Viorel Popescu (2020), modified by Jay Matsushiba (2025)",NA,0.97346746921539,0,42,"Bird","S5","Yellow","NAR","LC"
"2","/home/jay/Programming_Projects/bowen.biodiversity.webapp/inst/extdata/sdm/Accipiter.striatus_NAs_pu_mask.tif","Accipiter.striatus_NAs_pu_mask.tif","Accipiter striatus",1,"Bird","Viorel Popescu (2020), modified by Jay Matsushiba (2025)",NA,0.9637845158577,2,62,"Bird","S5B, S5N","Yellow","NAR","LC"
"3","/home/jay/Programming_Projects/bowen.biodiversity.webapp/inst/extdata/sdm/Actitis.macularius_NAs_pu_mask.tif","Actitis.macularius_NAs_pu_mask.tif","Actitis macularius",1,"Bird","Viorel Popescu (2020), modified by Jay Matsushiba (2025)",NA,0.95192718505859,1,36,"Bird","S5B","Yellow","NA","LC"
"4","/home/jay/Programming_Projects/bowen.biodiversity.webapp/inst/extdata/sdm/Aechmophorus.occidentalis_NAs_pu_mask.tif","Aechmophorus.occidentalis_NAs_pu_mask.tif","Aechmophorus occidentalis",1,"Bird","Viorel Popescu (2020), modified by Jay Matsushiba (2025)",NA,0.94474560022354,1,124,"Bird","S1S2B, S2N","Red","SC","LC"
"5","/home/jay/Programming_Projects/bowen.biodiversity.webapp/inst/extdata/sdm/Agelaius.phoeniceus_NAs_pu_mask.tif","Agelaius.phoeniceus_NAs_pu_mask.tif","Agelaius phoeniceus",1,"Bird","Viorel Popescu (2020), modified by Jay Matsushiba (2025)",NA,0.90354532003403,19,481,"Bird","S5B, S5N","Yellow","NA","LC"
"6","/home/jay/Programming_Projects/bowen.biodiversity.webapp/inst/extdata/sdm/Aix.sponsa_NAs_pu_mask.tif","Aix.sponsa_NAs_pu_mask.tif","Aix sponsa",1,"Bird","Viorel Popescu (2020), modified by Jay Matsushiba (2025)",NA,0.92017751932144,10,261,"Bird","S4B, S4N","Yellow","NA","LC"
"7","/home/jay/Programming_Projects/bowen.biodiversity.webapp/inst/extdata/sdm/Ambystoma.gracile_NAs_pu_mask.tif","Ambystoma.gracile_NAs_pu_mask.tif","Ambystoma gracile",1,"Amphibian","Viorel Popescu (2020), modified by Jay Matsushiba (2025)",NA,0.97331476211548,55,NA,"Amphibian","S4","Yellow","NAR","LC"
"8","/home/jay/Programming_Projects/bowen.biodiversity.webapp/inst/extdata/sdm/Ambystoma.macrodactylum_NAs_pu_mask.tif","Ambystoma.macrodactylum_NAs_pu_mask.tif","Ambystoma macrodactylum",1,"Amphibian","Viorel Popescu (2020), modified by Jay Matsushiba (2025)",NA,0.93448406457901,7,NA,"Amphibian","S5","Yellow","NAR","LC"
"9","/home/jay/Programming_Projects/bowen.biodiversity.webapp/inst/extdata/sdm/Anas.acuta_NAs_pu_mask.tif","Anas.acuta_NAs_pu_mask.tif","Anas acuta",1,"Bird","Viorel Popescu (2020), modified by Jay Matsushiba (2025)",NA,0.9300063252449,1,16,"Bird","S4B, S5N","Yellow","NA","LC"
"10","/home/jay/Programming_Projects/bowen.biodiversity.webapp/inst/extdata/sdm/Anas.americana_NAs_pu_mask.tif","Anas.americana_NAs_pu_mask.tif","Anas americana",1,"Bird","Viorel Popescu (2020), modified by Jay Matsushiba (2025)","updated name: Mareca americana",0.95019114017487,0,40,"Bird","S5B, S5N","Yellow","NA","LC"
"11","/home/jay/Programming_Projects/bowen.biodiversity.webapp/inst/extdata/sdm/Anas.clypeata_NAs_pu_mask.tif","Anas.clypeata_NAs_pu_mask.tif","Anas clypeata",1,"Bird","Viorel Popescu (2020), modified by Jay Matsushiba (2025)","updated name: Spatula clypeata",0.898413002491,0,10,"Bird","S5B, S5N","Yellow","NA","LC"
"12","/home/jay/Programming_Projects/bowen.biodiversity.webapp/inst/extdata/sdm/Anas.crecca_NAs_pu_mask.tif","Anas.crecca_NAs_pu_mask.tif","Anas crecca",1,"Bird","Viorel Popescu (2020), modified by Jay Matsushiba (2025)",NA,0.92554575204849,3,21,"Bird","S5B, S5N","Yellow","NA","LC"
"13","/home/jay/Programming_Projects/bowen.biodiversity.webapp/inst/extdata/sdm/Anas.cyanoptera_NAs_pu_mask.tif","Anas.cyanoptera_NAs_pu_mask.tif","Anas cyanoptera",1,"Bird","Viorel Popescu (2020), modified by Jay Matsushiba (2025)","updated name: Spatula cyanoptera",0.89256304502487,1,2,"Bird","S4B","Yellow","NA","LC"
"14","/home/jay/Programming_Projects/bowen.biodiversity.webapp/inst/extdata/sdm/Anas.discors_NAs_pu_mask.tif","Anas.discors_NAs_pu_mask.tif","Anas discors",1,"Bird","Viorel Popescu (2020), modified by Jay Matsushiba (2025)","updated name: Spatula discors",0.92351561784744,0,1,"Bird","S4S5B","Yellow","NA","LC"
"15","/home/jay/Programming_Projects/bowen.biodiversity.webapp/inst/extdata/sdm/Anas.penelope_NAs_pu_mask.tif","Anas.penelope_NAs_pu_mask.tif","Anas penelope",1,"Bird","Viorel Popescu (2020), modified by Jay Matsushiba (2025)","updated name: Mareca penelope",0.97405612468719,0,1,"Bird","SNRN","Not reviewed","NA","LC"
"16","/home/jay/Programming_Projects/bowen.biodiversity.webapp/inst/extdata/sdm/Anas.platyrhynchos_NAs_pu_mask.tif","Anas.platyrhynchos_NAs_pu_mask.tif","Anas platyrhynchos",1,"Bird","Viorel Popescu (2020), modified by Jay Matsushiba (2025)",NA,0.97119218111038,38,934,"Bird","S5B, S5N","Yellow","NA","LC"
"17","/home/jay/Programming_Projects/bowen.biodiversity.webapp/inst/extdata/sdm/Anas.strepera_NAs_pu_mask.tif","Anas.strepera_NAs_pu_mask.tif","Anas strepera",1,"Bird","Viorel Popescu (2020), modified by Jay Matsushiba (2025)","updated name: Mareca strepera",0.87279516458511,0,2,"Bird","S5","Yellow","NA","LC"
"18","/home/jay/Programming_Projects/bowen.biodiversity.webapp/inst/extdata/sdm/Anser.albifrons_NAs_pu_mask.tif","Anser.albifrons_NAs_pu_mask.tif","Anser albifrons",1,"Bird","Viorel Popescu (2020), modified by Jay Matsushiba (2025)",NA,0.97542291879654,4,12,"Bird","S4M","Yellow","NA","LC"
"19","/home/jay/Programming_Projects/bowen.biodiversity.webapp/inst/extdata/sdm/Anthus.rubescens_NAs_pu_mask.tif","Anthus.rubescens_NAs_pu_mask.tif","Anthus rubescens",1,"Bird","Viorel Popescu (2020), modified by Jay Matsushiba (2025)",NA,0.9572286605835,1,4,"Bird","S5B, SNRN","Yellow","NA","LC"
"20","/home/jay/Programming_Projects/bowen.biodiversity.webapp/inst/extdata/sdm/Ardea.herodias_NAs_pu_mask.tif","Ardea.herodias_NAs_pu_mask.tif","Ardea herodias",1,"Bird","Viorel Popescu (2020), modified by Jay Matsushiba (2025)",NA,0.97596555948257,34,830,"Bird","S3","NA","NA","LC"
"21","/home/jay/Programming_Projects/bowen.biodiversity.webapp/inst/extdata/sdm/Arenaria.melanocephala_NAs_pu_mask.tif","Arenaria.melanocephala_NAs_pu_mask.tif","Arenaria melanocephala",1,"Bird","Viorel Popescu (2020), modified by Jay Matsushiba (2025)",NA,0.99228024482727,5,152,"Bird","S4N, S5M","Yellow","NA","LC"
"22","/home/jay/Programming_Projects/bowen.biodiversity.webapp/inst/extdata/sdm/Aythya.affinis_NAs_pu_mask.tif","Aythya.affinis_NAs_pu_mask.tif","Aythya affinis",1,"Bird","Viorel Popescu (2020), modified by Jay Matsushiba (2025)",NA,0.95879602432251,3,91,"Bird","S5B, S5N","Yellow","NA","LC"
"23","/home/jay/Programming_Projects/bowen.biodiversity.webapp/inst/extdata/sdm/Aythya.americana_NAs_pu_mask.tif","Aythya.americana_NAs_pu_mask.tif","Aythya americana",1,"Bird","Viorel Popescu (2020), modified by Jay Matsushiba (2025)",NA,0.7500576376915,1,6,"Bird","S4B, S5N","Yellow","NA","LC"
"24","/home/jay/Programming_Projects/bowen.biodiversity.webapp/inst/extdata/sdm/Aythya.collaris_NAs_pu_mask.tif","Aythya.collaris_NAs_pu_mask.tif","Aythya collaris",1,"Bird","Viorel Popescu (2020), modified by Jay Matsushiba (2025)",NA,0.96526855230331,13,272,"Bird","S5B, S5N","Yellow","NA","LC"
"25","/home/jay/Programming_Projects/bowen.biodiversity.webapp/inst/extdata/sdm/Aythya.marila_NAs_pu_mask.tif","Aythya.marila_NAs_pu_mask.tif","Aythya marila",1,"Bird","Viorel Popescu (2020), modified by Jay Matsushiba (2025)",NA,0.97203373908997,1,19,"Bird","S4N, S5M","Yellow","NA","LC"
"26","/home/jay/Programming_Projects/bowen.biodiversity.webapp/inst/extdata/sdm/Bombycilla.cedrorum_NAs_pu_mask.tif","Bombycilla.cedrorum_NAs_pu_mask.tif","Bombycilla cedrorum",1,"Bird","Viorel Popescu (2020), modified by Jay Matsushiba (2025)",NA,0.94582092761993,8,209,"Bird","S5","Yellow","NA","LC"
"27","/home/jay/Programming_Projects/bowen.biodiversity.webapp/inst/extdata/sdm/Brachyramphus.marmoratus_NAs_pu_mask.tif","Brachyramphus.marmoratus_NAs_pu_mask.tif","Brachyramphus marmoratus",1,"Bird","Viorel Popescu (2020), modified by Jay Matsushiba (2025)",NA,0.98163270950317,9,473,"Bird","S3","Blue","T","EN"
"28","/home/jay/Programming_Projects/bowen.biodiversity.webapp/inst/extdata/sdm/Branta.bernicla_NAs_pu_mask.tif","Branta.bernicla_NAs_pu_mask.tif","Branta bernicla",1,"Bird","Viorel Popescu (2020), modified by Jay Matsushiba (2025)",NA,0.96388626098633,0,1,"Bird","S3M","Blue","NA","LC"
"29","/home/jay/Programming_Projects/bowen.biodiversity.webapp/inst/extdata/sdm/Branta.canadensis_NAs_pu_mask.tif","Branta.canadensis_NAs_pu_mask.tif","Branta canadensis",1,"Bird","Viorel Popescu (2020), modified by Jay Matsushiba (2025)",NA,0.97441011667252,46,1112,"Bird","S5","Yellow","NA","LC"
"30","/home/jay/Programming_Projects/bowen.biodiversity.webapp/inst/extdata/sdm/Branta.hutchinsii_NAs_pu_mask.tif","Branta.hutchinsii_NAs_pu_mask.tif","Branta hutchinsii",1,"Bird","Viorel Popescu (2020), modified by Jay Matsushiba (2025)",NA,0.96567261219025,0,8,"Bird","S4S5M","Yellow","NA","LC"
"31","/home/jay/Programming_Projects/bowen.biodiversity.webapp/inst/extdata/sdm/Bubo.virginianus_NAs_pu_mask.tif","Bubo.virginianus_NAs_pu_mask.tif","Bubo virginianus",1,"Bird","Viorel Popescu (2020), modified by Jay Matsushiba (2025)",NA,0.95099979639053,0,6,"Bird","S5","Yellow","NA","LC"
"32","/home/jay/Programming_Projects/bowen.biodiversity.webapp/inst/extdata/sdm/Bucephala.albeola_NAs_pu_mask.tif","Bucephala.albeola_NAs_pu_mask.tif","Bucephala albeola",1,"Bird","Viorel Popescu (2020), modified by Jay Matsushiba (2025)",NA,0.97680044174194,25,827,"Bird","S5B, SNRN","Yellow","NA","LC"
"33","/home/jay/Programming_Projects/bowen.biodiversity.webapp/inst/extdata/sdm/Bucephala.clangula_NAs_pu_mask.tif","Bucephala.clangula_NAs_pu_mask.tif","Bucephala clangula",1,"Bird","Viorel Popescu (2020), modified by Jay Matsushiba (2025)",NA,0.97296732664108,16,456,"Bird","S5","Yellow","NA","LC"
"34","/home/jay/Programming_Projects/bowen.biodiversity.webapp/inst/extdata/sdm/Bucephala.islandica_NAs_pu_mask.tif","Bucephala.islandica_NAs_pu_mask.tif","Bucephala islandica",1,"Bird","Viorel Popescu (2020), modified by Jay Matsushiba (2025)",NA,0.97016525268555,39,593,"Bird","S4S5","Yellow","NA","LC"
"35","/home/jay/Programming_Projects/bowen.biodiversity.webapp/inst/extdata/sdm/Buteo.jamaicensis_NAs_pu_mask.tif","Buteo.jamaicensis_NAs_pu_mask.tif","Buteo jamaicensis",1,"Bird","Viorel Popescu (2020), modified by Jay Matsushiba (2025)",NA,0.96139460802078,7,111,"Bird","S5","Yellow","NAR","LC"
"36","/home/jay/Programming_Projects/bowen.biodiversity.webapp/inst/extdata/sdm/Calidris.alpina_NAs_pu_mask.tif","Calidris.alpina_NAs_pu_mask.tif","Calidris alpina",1,"Bird","Viorel Popescu (2020), modified by Jay Matsushiba (2025)",NA,0.96740996837616,0,5,"Bird","S4N","Yellow","NA","NT"
"37","/home/jay/Programming_Projects/bowen.biodiversity.webapp/inst/extdata/sdm/Calidris.mauri_NAs_pu_mask.tif","Calidris.mauri_NAs_pu_mask.tif","Calidris mauri",1,"Bird","Viorel Popescu (2020), modified by Jay Matsushiba (2025)",NA,0.96752333641052,0,2,"Bird","S4M","Yellow","NA","LC"
"38","/home/jay/Programming_Projects/bowen.biodiversity.webapp/inst/extdata/sdm/Calidris.melanotos_NAs_pu_mask.tif","Calidris.melanotos_NAs_pu_mask.tif","Calidris melanotos",1,"Bird","Viorel Popescu (2020), modified by Jay Matsushiba (2025)",NA,0.89070415496826,0,1,"Bird","S4M","Yellow","NA","LC"
"39","/home/jay/Programming_Projects/bowen.biodiversity.webapp/inst/extdata/sdm/Calidris.minutilla_NAs_pu_mask.tif","Calidris.minutilla_NAs_pu_mask.tif","Calidris minutilla",1,"Bird","Viorel Popescu (2020), modified by Jay Matsushiba (2025)",NA,0.93180721998215,0,6,"Bird","S4?B","Yellow","NA","NT"
"40","/home/jay/Programming_Projects/bowen.biodiversity.webapp/inst/extdata/sdm/Calypte.anna_NAs_pu_mask.tif","Calypte.anna_NAs_pu_mask.tif","Calypte anna",1,"Bird","Viorel Popescu (2020), modified by Jay Matsushiba (2025)",NA,0.83506858348846,20,840,"Bird","S5","Yellow","NA","LC"
"41","/home/jay/Programming_Projects/bowen.biodiversity.webapp/inst/extdata/sdm/Cardellina.pusilla_NAs_pu_mask.tif","Cardellina.pusilla_NAs_pu_mask.tif","Cardellina pusilla",1,"Bird","Viorel Popescu (2020), modified by Jay Matsushiba (2025)",NA,0.93760859966278,3,177,"Bird","S5B","Yellow","NA","LC"
"42","/home/jay/Programming_Projects/bowen.biodiversity.webapp/inst/extdata/sdm/Carduelis.flammea_NAs_pu_mask.tif","Carduelis.flammea_NAs_pu_mask.tif","Carduelis flammea",1,"Bird","Viorel Popescu (2020), modified by Jay Matsushiba (2025)","updated name: Acanthis flammea",0.89407008886337,0,5,"Bird","S4","Yellow","NA","LC"
"43","/home/jay/Programming_Projects/bowen.biodiversity.webapp/inst/extdata/sdm/Carduelis.pinus_NAs_pu_mask.tif","Carduelis.pinus_NAs_pu_mask.tif","Carduelis pinus",1,"Bird","Viorel Popescu (2020), modified by Jay Matsushiba (2025)","updated name: Spinus pinus",0.96199077367783,20,0,"Bird","S5B","Yellow","NA","LC"
"44","/home/jay/Programming_Projects/bowen.biodiversity.webapp/inst/extdata/sdm/Carduelis.tristis_NAs_pu_mask.tif","Carduelis.tristis_NAs_pu_mask.tif","Carduelis tristis",1,"Bird","Viorel Popescu (2020), modified by Jay Matsushiba (2025)","updated name: Spinus tristis",0.96027958393097,3,0,"Bird","S4","Yellow","NA","LC"
"45","/home/jay/Programming_Projects/bowen.biodiversity.webapp/inst/extdata/sdm/Carpodacus.mexicanus_NAs_pu_mask.tif","Carpodacus.mexicanus_NAs_pu_mask.tif","Carpodacus mexicanus",1,"Bird","Viorel Popescu (2020), modified by Jay Matsushiba (2025)","updated name: Haemorhous mexicanus",0.983154296875,7,154,"Bird","S5","Yellow","NA","LC"
"46","/home/jay/Programming_Projects/bowen.biodiversity.webapp/inst/extdata/sdm/Carpodacus.purpureus_NAs_pu_mask.tif","Carpodacus.purpureus_NAs_pu_mask.tif","Carpodacus purpureus",1,"Bird","Viorel Popescu (2020), modified by Jay Matsushiba (2025)","updated name: Haemorhous purpureus",0.96957242488861,3,110,"Bird","S5B","Yellow","NA","LC"
"47","/home/jay/Programming_Projects/bowen.biodiversity.webapp/inst/extdata/sdm/Cathartes.aura_NAs_pu_mask.tif","Cathartes.aura_NAs_pu_mask.tif","Cathartes aura",1,"Bird","Viorel Popescu (2020), modified by Jay Matsushiba (2025)",NA,0.97738486528397,23,548,"Bird","S4","Yellow","NA","LC"
"48","/home/jay/Programming_Projects/bowen.biodiversity.webapp/inst/extdata/sdm/Catharus.guttatus_NAs_pu_mask.tif","Catharus.guttatus_NAs_pu_mask.tif","Catharus guttatus",1,"Bird","Viorel Popescu (2020), modified by Jay Matsushiba (2025)",NA,0.93815076351166,4,142,"Bird","S5B","Yellow","NA","LC"
"49","/home/jay/Programming_Projects/bowen.biodiversity.webapp/inst/extdata/sdm/Catharus.ustulatus_NAs_pu_mask.tif","Catharus.ustulatus_NAs_pu_mask.tif","Catharus ustulatus",1,"Bird","Viorel Popescu (2020), modified by Jay Matsushiba (2025)",NA,0.9498416185379,1,332,"Bird","S5B","Yellow","NA","LC"
"50","/home/jay/Programming_Projects/bowen.biodiversity.webapp/inst/extdata/sdm/Cepphus.columba_NAs_pu_mask.tif","Cepphus.columba_NAs_pu_mask.tif","Cepphus columba",1,"Bird","Viorel Popescu (2020), modified by Jay Matsushiba (2025)",NA,0.98964458703995,3,85,"Bird","S4","Yellow","NA","LC"
"51","/home/jay/Programming_Projects/bowen.biodiversity.webapp/inst/extdata/sdm/Cerorhinca.monocerata_NAs_pu_mask.tif","Cerorhinca.monocerata_NAs_pu_mask.tif","Cerorhinca monocerata",1,"Bird","Viorel Popescu (2020), modified by Jay Matsushiba (2025)",NA,0.92167007923126,7,54,"Bird","S4","Yellow","NA","LC"
"52","/home/jay/Programming_Projects/bowen.biodiversity.webapp/inst/extdata/sdm/Certhia.americana_NAs_pu_mask.tif","Certhia.americana_NAs_pu_mask.tif","Certhia americana",1,"Bird","Viorel Popescu (2020), modified by Jay Matsushiba (2025)",NA,0.97531294822693,13,682,"Bird","S5","Yellow","NA","LC"
"53","/home/jay/Programming_Projects/bowen.biodiversity.webapp/inst/extdata/sdm/Chaetura.vauxi_NAs_pu_mask.tif","Chaetura.vauxi_NAs_pu_mask.tif","Chaetura vauxi",1,"Bird","Viorel Popescu (2020), modified by Jay Matsushiba (2025)",NA,0.968481361866,0,40,"Bird","S4S5B","Yellow","NA","LC"
"54","/home/jay/Programming_Projects/bowen.biodiversity.webapp/inst/extdata/sdm/Charadrius.vociferus_NAs_pu_mask.tif","Charadrius.vociferus_NAs_pu_mask.tif","Charadrius vociferus",1,"Bird","Viorel Popescu (2020), modified by Jay Matsushiba (2025)",NA,0.9309521317482,1,8,"Bird","S3S5B","Blue","NA","NT"
"55","/home/jay/Programming_Projects/bowen.biodiversity.webapp/inst/extdata/sdm/Chen.caerulescens_NAs_pu_mask.tif","Chen.caerulescens_NAs_pu_mask.tif","Chen caerulescens",1,"Bird","Viorel Popescu (2020), modified by Jay Matsushiba (2025)","updated name: Anser caerulescens",0.97460114955902,6,0,"Bird","S4M","Yellow","NA","LC"
"56","/home/jay/Programming_Projects/bowen.biodiversity.webapp/inst/extdata/sdm/Chordeiles.minor_NAs_pu_mask.tif","Chordeiles.minor_NAs_pu_mask.tif","Chordeiles minor",1,"Bird","Viorel Popescu (2020), modified by Jay Matsushiba (2025)",NA,0.9537318944931,3,83,"Bird","S3S5B","Blue","SC","LC"
"57","/home/jay/Programming_Projects/bowen.biodiversity.webapp/inst/extdata/sdm/Chroicocephalus.philadelphia_NAs_pu_mask.tif","Chroicocephalus.philadelphia_NAs_pu_mask.tif","Chroicocephalus philadelphia",1,"Bird","Viorel Popescu (2020), modified by Jay Matsushiba (2025)","also known as Larus philadelphia",0.96378827095032,2,121,"Bird","S5?","Yellow","NA","LC"
"58","/home/jay/Programming_Projects/bowen.biodiversity.webapp/inst/extdata/sdm/Circus.cyaneus_NAs_pu_mask.tif","Circus.cyaneus_NAs_pu_mask.tif","Circus cyaneus",1,"Bird","Viorel Popescu (2020), modified by Jay Matsushiba (2025)","updated name: Circus hudsonius",0.89977514743805,0,9,"Bird","S4B","Yellow","NAR","LC"
"59","/home/jay/Programming_Projects/bowen.biodiversity.webapp/inst/extdata/sdm/Cistothorus.palustris_NAs_pu_mask.tif","Cistothorus.palustris_NAs_pu_mask.tif","Cistothorus palustris",1,"Bird","Viorel Popescu (2020), modified by Jay Matsushiba (2025)",NA,0.87275528907776,0,17,"Bird","S5","Yellow","NA","LC"
"60","/home/jay/Programming_Projects/bowen.biodiversity.webapp/inst/extdata/sdm/Clangula.hyemalis_NAs_pu_mask.tif","Clangula.hyemalis_NAs_pu_mask.tif","Clangula hyemalis",1,"Bird","Viorel Popescu (2020), modified by Jay Matsushiba (2025)",NA,0.97000950574875,1,18,"Bird","S2S3B, S4N","Blue","NA","VU"
"61","/home/jay/Programming_Projects/bowen.biodiversity.webapp/inst/extdata/sdm/Coccothraustes.vespertinus_NAs_pu_mask.tif","Coccothraustes.vespertinus_NAs_pu_mask.tif","Coccothraustes vespertinus",1,"Bird","Viorel Popescu (2020), modified by Jay Matsushiba (2025)","updated name: Hesperiphona vespertina",0.94624841213226,1,26,"Bird","S5","Yellow","SC","VU"
"62","/home/jay/Programming_Projects/bowen.biodiversity.webapp/inst/extdata/sdm/Colaptes.auratus_NAs_pu_mask.tif","Colaptes.auratus_NAs_pu_mask.tif","Colaptes auratus",1,"Bird","Viorel Popescu (2020), modified by Jay Matsushiba (2025)",NA,0.9485234618187,32,1242,"Bird","S5","Yellow","NA","LC"
"63","/home/jay/Programming_Projects/bowen.biodiversity.webapp/inst/extdata/sdm/Contopus.cooperi_NAs_pu_mask.tif","Contopus.cooperi_NAs_pu_mask.tif","Contopus cooperi",1,"Bird","Viorel Popescu (2020), modified by Jay Matsushiba (2025)",NA,0.9048068523407,1,61,"Bird","S4B","Yellow","SC","NT"
"64","/home/jay/Programming_Projects/bowen.biodiversity.webapp/inst/extdata/sdm/Contopus.sordidulus_NAs_pu_mask.tif","Contopus.sordidulus_NAs_pu_mask.tif","Contopus sordidulus",1,"Bird","Viorel Popescu (2020), modified by Jay Matsushiba (2025)",NA,0.92744511365891,0,47,"Bird","S5?B","Yellow","NA","LC"
"65","/home/jay/Programming_Projects/bowen.biodiversity.webapp/inst/extdata/sdm/Corvus.brachyrhynchos_NAs_pu_mask.tif","Corvus.brachyrhynchos_NAs_pu_mask.tif","Corvus brachyrhynchos",1,"Bird","Viorel Popescu (2020), modified by Jay Matsushiba (2025)",NA,0.50083261728287,29,1656,"Bird","S5","Yellow","NA","LC"
"66","/home/jay/Programming_Projects/bowen.biodiversity.webapp/inst/extdata/sdm/Corvus.caurinus_NAs_pu_mask.tif","Corvus.caurinus_NAs_pu_mask.tif","Corvus caurinus",1,"Bird","Viorel Popescu (2020), modified by Jay Matsushiba (2025)","*This species has been assigned as a subspecies of Corvus brachyrhynchos",0.99400001764297,2,0,"Bird","S5","Yellow","NA","LC"
"67","/home/jay/Programming_Projects/bowen.biodiversity.webapp/inst/extdata/sdm/Corvus.corax_NAs_pu_mask.tif","Corvus.corax_NAs_pu_mask.tif","Corvus corax",1,"Bird","Viorel Popescu (2020), modified by Jay Matsushiba (2025)",NA,0.96679502725601,37,2197,"Bird","S5","Yellow","NA","LC"
"68","/home/jay/Programming_Projects/bowen.biodiversity.webapp/inst/extdata/sdm/Cyanocitta.stelleri_NAs_pu_mask.tif","Cyanocitta.stelleri_NAs_pu_mask.tif","Cyanocitta stelleri",1,"Bird","Viorel Popescu (2020), modified by Jay Matsushiba (2025)",NA,0.97551208734512,16,631,"Bird","S5","Yellow","NA","LC"
"69","/home/jay/Programming_Projects/bowen.biodiversity.webapp/inst/extdata/sdm/Cygnus.buccinator_NAs_pu_mask.tif","Cygnus.buccinator_NAs_pu_mask.tif","Cygnus buccinator",1,"Bird","Viorel Popescu (2020), modified by Jay Matsushiba (2025)",NA,0.97416836023331,2,31,"Bird","S4B, S5N","Yellow","NAR","LC"
"70","/home/jay/Programming_Projects/bowen.biodiversity.webapp/inst/extdata/sdm/Cygnus.columbianus_NAs_pu_mask.tif","Cygnus.columbianus_NAs_pu_mask.tif","Cygnus columbianus",1,"Bird","Viorel Popescu (2020), modified by Jay Matsushiba (2025)",NA,0.8809529542923,0,3,"Bird","S3N","Blue","NA","LC"
"71","/home/jay/Programming_Projects/bowen.biodiversity.webapp/inst/extdata/sdm/Cypseloides.niger_NAs_pu_mask.tif","Cypseloides.niger_NAs_pu_mask.tif","Cypseloides niger",1,"Bird","Viorel Popescu (2020), modified by Jay Matsushiba (2025)",NA,0.96886014938354,1,47,"Bird","S2S4B","Blue","E","VU"
"72","/home/jay/Programming_Projects/bowen.biodiversity.webapp/inst/extdata/sdm/Dendragapus.fuliginosus_NAs_pu_mask.tif","Dendragapus.fuliginosus_NAs_pu_mask.tif","Dendragapus fuliginosus",1,"Bird","Viorel Popescu (2020), modified by Jay Matsushiba (2025)",NA,0.9638135433197,1,8,"Bird","S4","Yellow","NA","LC"
"73","/home/jay/Programming_Projects/bowen.biodiversity.webapp/inst/extdata/sdm/Dendroica.petechia_NAs_pu_mask.tif","Dendroica.petechia_NAs_pu_mask.tif","Dendroica petechia",1,"Bird","Viorel Popescu (2020), modified by Jay Matsushiba (2025)","updated name: Setophaga petechia",0.94238591194153,2,60,"Bird","S5B","Yellow","NA","LC"
"74","/home/jay/Programming_Projects/bowen.biodiversity.webapp/inst/extdata/sdm/Dendroica.townsendi_NAs_pu_mask.tif","Dendroica.townsendi_NAs_pu_mask.tif","Dendroica townsendi",1,"Bird","Viorel Popescu (2020), modified by Jay Matsushiba (2025)","updated name: Setophaga townsendi",0.95477962493896,5,299,"Bird","S5B","Yellow","NA","LC"
"75","/home/jay/Programming_Projects/bowen.biodiversity.webapp/inst/extdata/sdm/Dryocopus.pileatus_NAs_pu_mask.tif","Dryocopus.pileatus_NAs_pu_mask.tif","Dryocopus pileatus",5,"Bird","Viorel Popescu (2020), modified by Jay Matsushiba (2025)","also known as Hylatomus pileatus",0.96637910604477,40,669,"Bird","S5","Yellow","NA","LC"
"76","/home/jay/Programming_Projects/bowen.biodiversity.webapp/inst/extdata/sdm/Dumetella.carolinensis_NAs_pu_mask.tif","Dumetella.carolinensis_NAs_pu_mask.tif","Dumetella carolinensis",1,"Bird","Viorel Popescu (2020), modified by Jay Matsushiba (2025)",NA,0.55787354707718,0,2,"Bird","S5B","Yellow","NA","LC"
"77","/home/jay/Programming_Projects/bowen.biodiversity.webapp/inst/extdata/sdm/Empidonax.difficilis_NAs_pu_mask.tif","Empidonax.difficilis_NAs_pu_mask.tif","Empidonax difficilis",1,"Bird","Viorel Popescu (2020), modified by Jay Matsushiba (2025)",NA,0.97281569242477,5,600,"Bird","S5B","Yellow","NA","LC"
"78","/home/jay/Programming_Projects/bowen.biodiversity.webapp/inst/extdata/sdm/Empidonax.hammondii_NAs_pu_mask.tif","Empidonax.hammondii_NAs_pu_mask.tif","Empidonax hammondii",1,"Bird","Viorel Popescu (2020), modified by Jay Matsushiba (2025)",NA,0.94634085893631,3,114,"Bird","S5B","Yellow","NA","LC"
"79","/home/jay/Programming_Projects/bowen.biodiversity.webapp/inst/extdata/sdm/Empidonax.traillii_NAs_pu_mask.tif","Empidonax.traillii_NAs_pu_mask.tif","Empidonax traillii",1,"Bird","Viorel Popescu (2020), modified by Jay Matsushiba (2025)",NA,0.95516920089722,4,133,"Bird","S4S5B","Yellow","NA","LC"
"80","/home/jay/Programming_Projects/bowen.biodiversity.webapp/inst/extdata/sdm/Euphagus.cyanocephalus_NAs_pu_mask.tif","Euphagus.cyanocephalus_NAs_pu_mask.tif","Euphagus cyanocephalus",1,"Bird","Viorel Popescu (2020), modified by Jay Matsushiba (2025)",NA,0.87848895788193,0,8,"Bird","S5","Yellow","NA","LC"
"81","/home/jay/Programming_Projects/bowen.biodiversity.webapp/inst/extdata/sdm/Falco.columbarius_NAs_pu_mask.tif","Falco.columbarius_NAs_pu_mask.tif","Falco columbarius",1,"Bird","Viorel Popescu (2020), modified by Jay Matsushiba (2025)",NA,0.95973390340805,6,110,"Bird","S5","Yellow","NAR","LC"
"82","/home/jay/Programming_Projects/bowen.biodiversity.webapp/inst/extdata/sdm/Falco.peregrinus_NAs_pu_mask.tif","Falco.peregrinus_NAs_pu_mask.tif","Falco peregrinus",1,"Bird","Viorel Popescu (2020), modified by Jay Matsushiba (2025)",NA,0.98151206970215,5,17,"Bird","S3","NA","NA","LC"
"83","/home/jay/Programming_Projects/bowen.biodiversity.webapp/inst/extdata/sdm/Falco.sparverius_NAs_pu_mask.tif","Falco.sparverius_NAs_pu_mask.tif","Falco sparverius",1,"Bird","Viorel Popescu (2020), modified by Jay Matsushiba (2025)",NA,0.90439289808273,1,5,"Bird","S4S5B","Yellow","NA","LC"
"84","/home/jay/Programming_Projects/bowen.biodiversity.webapp/inst/extdata/sdm/Fulica.americana_NAs_pu_mask.tif","Fulica.americana_NAs_pu_mask.tif","Fulica americana",1,"Bird","Viorel Popescu (2020), modified by Jay Matsushiba (2025)",NA,0.9677791595459,3,112,"Bird","S4S5B","Yellow","NAR","LC"
"85","/home/jay/Programming_Projects/bowen.biodiversity.webapp/inst/extdata/sdm/Gallinago.delicata_NAs_pu_mask.tif","Gallinago.delicata_NAs_pu_mask.tif","Gallinago delicata",1,"Bird","Viorel Popescu (2020), modified by Jay Matsushiba (2025)",NA,0.88962894678116,0,1,"Bird","S5","Yellow","NA","LC"
"86","/home/jay/Programming_Projects/bowen.biodiversity.webapp/inst/extdata/sdm/Gavia.immer_NAs_pu_mask.tif","Gavia.immer_NAs_pu_mask.tif","Gavia immer",1,"Bird","Viorel Popescu (2020), modified by Jay Matsushiba (2025)",NA,0.96373724937439,10,287,"Bird","S5","Yellow","NAR","LC"
"87","/home/jay/Programming_Projects/bowen.biodiversity.webapp/inst/extdata/sdm/Gavia.pacifica_NAs_pu_mask.tif","Gavia.pacifica_NAs_pu_mask.tif","Gavia pacifica",1,"Bird","Viorel Popescu (2020), modified by Jay Matsushiba (2025)",NA,0.98086303472519,1,150,"Bird","S4B, S3S4N","Yellow","NA","LC"
"88","/home/jay/Programming_Projects/bowen.biodiversity.webapp/inst/extdata/sdm/Gavia.stellata_NAs_pu_mask.tif","Gavia.stellata_NAs_pu_mask.tif","Gavia stellata",1,"Bird","Viorel Popescu (2020), modified by Jay Matsushiba (2025)",NA,0.98095637559891,3,48,"Bird","S4","Yellow","NA","LC"
"89","/home/jay/Programming_Projects/bowen.biodiversity.webapp/inst/extdata/sdm/Geothlypis.tolmiei_NAs_pu_mask.tif","Geothlypis.tolmiei_NAs_pu_mask.tif","Geothlypis tolmiei",1,"Bird","Viorel Popescu (2020), modified by Jay Matsushiba (2025)",NA,0.95037418603897,1,30,"Bird","S5B","Yellow","NA","LC"
"90","/home/jay/Programming_Projects/bowen.biodiversity.webapp/inst/extdata/sdm/Geothlypis.trichas_NAs_pu_mask.tif","Geothlypis.trichas_NAs_pu_mask.tif","Geothlypis trichas",1,"Bird","Viorel Popescu (2020), modified by Jay Matsushiba (2025)",NA,0.92951685190201,7,197,"Bird","S5","Yellow","NA","LC"
"91","/home/jay/Programming_Projects/bowen.biodiversity.webapp/inst/extdata/sdm/Glaucidium.gnoma_NAs_pu_mask.tif","Glaucidium.gnoma_NAs_pu_mask.tif","Glaucidium gnoma",1,"Bird","Viorel Popescu (2020), modified by Jay Matsushiba (2025)",NA,0.95180547237396,1,2,"Bird","S4B","Yellow","NA","LC"
"92","/home/jay/Programming_Projects/bowen.biodiversity.webapp/inst/extdata/sdm/Glaucomys.sabrinus_NAs_pu_mask.tif","Glaucomys.sabrinus_NAs_pu_mask.tif","Glaucomys sabrinus",1,"MammalSmall","Viorel Popescu (2020), modified by Jay Matsushiba (2025)",NA,0.76113796234131,1,NA,"MammalSmall","S5","Yellow","NA","LC"
"93","/home/jay/Programming_Projects/bowen.biodiversity.webapp/inst/extdata/sdm/Grus.canadensis_NAs_pu_mask.tif","Grus.canadensis_NAs_pu_mask.tif","Grus canadensis",1,"Bird","Viorel Popescu (2020), modified by Jay Matsushiba (2025)","also known as Antigone canadensis",0.73709207773209,0,2,"Bird","S4B","Yellow","NAR","LC"
"94","/home/jay/Programming_Projects/bowen.biodiversity.webapp/inst/extdata/sdm/Haematopus.bachmani_NAs_pu_mask.tif","Haematopus.bachmani_NAs_pu_mask.tif","Haematopus bachmani",1,"Bird","Viorel Popescu (2020), modified by Jay Matsushiba (2025)","updated name: Haematopus ater",0.99115914106369,13,500,"Bird","S4","Yellow","NA","LC"
"95","/home/jay/Programming_Projects/bowen.biodiversity.webapp/inst/extdata/sdm/Haliaeetus.leucocephalus_NAs_pu_mask.tif","Haliaeetus.leucocephalus_NAs_pu_mask.tif","Haliaeetus leucocephalus",1,"Bird","Viorel Popescu (2020), modified by Jay Matsushiba (2025)",NA,0.97571974992752,43,1176,"Bird","S5B, S5N","Yellow","NAR","LC"
"96","/home/jay/Programming_Projects/bowen.biodiversity.webapp/inst/extdata/sdm/Hirundo.rustica_NAs_pu_mask.tif","Hirundo.rustica_NAs_pu_mask.tif","Hirundo rustica",1,"Bird","Viorel Popescu (2020), modified by Jay Matsushiba (2025)",NA,0.95425945520401,5,135,"Bird","S4B","Yellow","SC","LC"
"97","/home/jay/Programming_Projects/bowen.biodiversity.webapp/inst/extdata/sdm/Histrionicus.histrionicus_NAs_pu_mask.tif","Histrionicus.histrionicus_NAs_pu_mask.tif","Histrionicus histrionicus",1,"Bird","Viorel Popescu (2020), modified by Jay Matsushiba (2025)",NA,0.98084777593613,4,70,"Bird","S4B, S3N","Yellow","NA","LC"
"98","/home/jay/Programming_Projects/bowen.biodiversity.webapp/inst/extdata/sdm/Hydroprogne.caspia_NAs_pu_mask.tif","Hydroprogne.caspia_NAs_pu_mask.tif","Hydroprogne caspia",1,"Bird","Viorel Popescu (2020), modified by Jay Matsushiba (2025)",NA,0.97988086938858,0,14,"Bird","S2S4B","Blue","NAR","LC"
"99","/home/jay/Programming_Projects/bowen.biodiversity.webapp/inst/extdata/sdm/Icterus.bullockii_NAs_pu_mask.tif","Icterus.bullockii_NAs_pu_mask.tif","Icterus bullockii",1,"Bird","Viorel Popescu (2020), modified by Jay Matsushiba (2025)",NA,0.73955988883972,0,4,"Bird","S5B","Yellow","NA","LC"
"100","/home/jay/Programming_Projects/bowen.biodiversity.webapp/inst/extdata/sdm/Ixoreus.naevius_NAs_pu_mask.tif","Ixoreus.naevius_NAs_pu_mask.tif","Ixoreus naevius",1,"Bird","Viorel Popescu (2020), modified by Jay Matsushiba (2025)",NA,0.97367256879807,28,579,"Bird","S5","Yellow","NA","LC"
"101","/home/jay/Programming_Projects/bowen.biodiversity.webapp/inst/extdata/sdm/Junco.hyemalis_NAs_pu_mask.tif","Junco.hyemalis_NAs_pu_mask.tif","Junco hyemalis",1,"Bird","Viorel Popescu (2020), modified by Jay Matsushiba (2025)",NA,0.96202158927917,34,1317,"Bird","S5","Yellow","NA","LC"
"102","/home/jay/Programming_Projects/bowen.biodiversity.webapp/inst/extdata/sdm/Larus.argentatus_NAs_pu_mask.tif","Larus.argentatus_NAs_pu_mask.tif","Larus argentatus",1,"Bird","Viorel Popescu (2020), modified by Jay Matsushiba (2025)",NA,0.97177368402481,0,23,"Bird","S5?B","Yellow","NA","LC"
"103","/home/jay/Programming_Projects/bowen.biodiversity.webapp/inst/extdata/sdm/Larus.californicus_NAs_pu_mask.tif","Larus.californicus_NAs_pu_mask.tif","Larus californicus",1,"Bird","Viorel Popescu (2020), modified by Jay Matsushiba (2025)",NA,0.96136474609375,1,167,"Bird","S1B, SNRN","Red","NA","LC"
"104","/home/jay/Programming_Projects/bowen.biodiversity.webapp/inst/extdata/sdm/Larus.canus_NAs_pu_mask.tif","Larus.canus_NAs_pu_mask.tif","Larus canus",1,"Bird","Viorel Popescu (2020), modified by Jay Matsushiba (2025)","also known as Larus brachyrhynchus",0.98702412843704,28,819,"Bird","S4B","Yellow","NA","LC"
"105","/home/jay/Programming_Projects/bowen.biodiversity.webapp/inst/extdata/sdm/Larus.delawarensis_NAs_pu_mask.tif","Larus.delawarensis_NAs_pu_mask.tif","Larus delawarensis",1,"Bird","Viorel Popescu (2020), modified by Jay Matsushiba (2025)",NA,0.95497524738312,4,115,"Bird","S4?B","Yellow","NA","LC"
"106","/home/jay/Programming_Projects/bowen.biodiversity.webapp/inst/extdata/sdm/Larus.glaucescens_NAs_pu_mask.tif","Larus.glaucescens_NAs_pu_mask.tif","Larus glaucescens",1,"Bird","Viorel Popescu (2020), modified by Jay Matsushiba (2025)",NA,0.99012225866318,43,1887,"Bird","S4S5","Yellow","NA","LC"
"107","/home/jay/Programming_Projects/bowen.biodiversity.webapp/inst/extdata/sdm/Larus.occidentalis_NAs_pu_mask.tif","Larus.occidentalis_NAs_pu_mask.tif","Larus occidentalis",1,"Bird","Viorel Popescu (2020), modified by Jay Matsushiba (2025)",NA,0.84717327356339,17,2,"Bird","SUN","Unknown","NA","LC"
"108","/home/jay/Programming_Projects/bowen.biodiversity.webapp/inst/extdata/sdm/Limnodromus.scolopaceus_NAs_pu_mask.tif","Limnodromus.scolopaceus_NAs_pu_mask.tif","Limnodromus scolopaceus",1,"Bird","Viorel Popescu (2020), modified by Jay Matsushiba (2025)",NA,0.9394965171814,0,2,"Bird","S4N","Yellow","NA","NT"
"109","/home/jay/Programming_Projects/bowen.biodiversity.webapp/inst/extdata/sdm/Lophodytes.cucullatus_NAs_pu_mask.tif","Lophodytes.cucullatus_NAs_pu_mask.tif","Lophodytes cucullatus",1,"Bird","Viorel Popescu (2020), modified by Jay Matsushiba (2025)",NA,0.97615551948547,28,486,"Bird","S5","Yellow","NA","LC"
"110","/home/jay/Programming_Projects/bowen.biodiversity.webapp/inst/extdata/sdm/Loxia.curvirostra_NAs_pu_mask.tif","Loxia.curvirostra_NAs_pu_mask.tif","Loxia curvirostra",1,"Bird","Viorel Popescu (2020), modified by Jay Matsushiba (2025)",NA,0.96300888061523,4,218,"Bird","S5","Yellow","NA","LC"
"111","/home/jay/Programming_Projects/bowen.biodiversity.webapp/inst/extdata/sdm/Megaceryle.alcyon_NAs_pu_mask.tif","Megaceryle.alcyon_NAs_pu_mask.tif","Megaceryle alcyon",1,"Bird","Viorel Popescu (2020), modified by Jay Matsushiba (2025)",NA,0.97842419147491,10,761,"Bird","S4S5","Yellow","NA","LC"
"112","/home/jay/Programming_Projects/bowen.biodiversity.webapp/inst/extdata/sdm/Melanitta.fusca_NAs_pu_mask.tif","Melanitta.fusca_NAs_pu_mask.tif","Melanitta fusca",1,"Bird","Viorel Popescu (2020), modified by Jay Matsushiba (2025)","also known as Melanitta deglandi",0.97628819942474,0,58,"Bird","S4S5","Yellow","NA","VU"
"113","/home/jay/Programming_Projects/bowen.biodiversity.webapp/inst/extdata/sdm/Melanitta.nigra_NAs_pu_mask.tif","Melanitta.nigra_NAs_pu_mask.tif","Melanitta nigra",1,"Bird","Viorel Popescu (2020), modified by Jay Matsushiba (2025)","also known as Melanitta americana",0.93588298559189,1,28,"Bird","S3S4N","Blue","NA","NT"
"114","/home/jay/Programming_Projects/bowen.biodiversity.webapp/inst/extdata/sdm/Melanitta.perspicillata_NAs_pu_mask.tif","Melanitta.perspicillata_NAs_pu_mask.tif","Melanitta perspicillata",1,"Bird","Viorel Popescu (2020), modified by Jay Matsushiba (2025)",NA,0.98445421457291,11,711,"Bird","S3B, S4N","Blue","NA","LC"
"115","/home/jay/Programming_Projects/bowen.biodiversity.webapp/inst/extdata/sdm/Melospiza.georgiana_NAs_pu_mask.tif","Melospiza.georgiana_NAs_pu_mask.tif","Melospiza georgiana",1,"Bird","Viorel Popescu (2020), modified by Jay Matsushiba (2025)",NA,0.92233151197433,1,3,"Bird","S4S5","Yellow","NA","LC"
"116","/home/jay/Programming_Projects/bowen.biodiversity.webapp/inst/extdata/sdm/Melospiza.lincolnii_NAs_pu_mask.tif","Melospiza.lincolnii_NAs_pu_mask.tif","Melospiza lincolnii",1,"Bird","Viorel Popescu (2020), modified by Jay Matsushiba (2025)",NA,0.92512744665146,2,31,"Bird","S5B, SNRN","Yellow","NA","LC"
"117","/home/jay/Programming_Projects/bowen.biodiversity.webapp/inst/extdata/sdm/Melospiza.melodia_NAs_pu_mask.tif","Melospiza.melodia_NAs_pu_mask.tif","Melospiza melodia",1,"Bird","Viorel Popescu (2020), modified by Jay Matsushiba (2025)",NA,0.9698411822319,23,1509,"Bird","S5","Yellow","NA","LC"
"118","/home/jay/Programming_Projects/bowen.biodiversity.webapp/inst/extdata/sdm/Mergus.serrator_NAs_pu_mask.tif","Mergus.serrator_NAs_pu_mask.tif","Mergus serrator",1,"Bird","Viorel Popescu (2020), modified by Jay Matsushiba (2025)",NA,0.98224598169327,13,174,"Bird","S4B, SNRN","Yellow","NA","LC"
"119","/home/jay/Programming_Projects/bowen.biodiversity.webapp/inst/extdata/sdm/Microtus.townsendii_NAs_pu_mask.tif","Microtus.townsendii_NAs_pu_mask.tif","Microtus townsendii",1,"MammalSmall","Viorel Popescu (2020), modified by Jay Matsushiba (2025)",NA,0.9521416425705,0,NA,"MammalSmall","S5?","Yellow","NA","LC"
"120","/home/jay/Programming_Projects/bowen.biodiversity.webapp/inst/extdata/sdm/Molothrus.ater_NAs_pu_mask.tif","Molothrus.ater_NAs_pu_mask.tif","Molothrus ater",1,"Bird","Viorel Popescu (2020), modified by Jay Matsushiba (2025)",NA,0.94970577955246,10,120,"Bird","S5","Yellow","NA","LC"
"121","/home/jay/Programming_Projects/bowen.biodiversity.webapp/inst/extdata/sdm/Mustela.erminea_NAs_pu_mask.tif","Mustela.erminea_NAs_pu_mask.tif","Mustela erminea",1,"MammalSmall","Viorel Popescu (2020), modified by Jay Matsushiba (2025)","updated name: Mustela haidarum",0.6370000243187,0,NA,"MammalSmall","S3","Blue","T","LC"
"122","/home/jay/Programming_Projects/bowen.biodiversity.webapp/inst/extdata/sdm/Myadestes.townsendi_NAs_pu_mask.tif","Myadestes.townsendi_NAs_pu_mask.tif","Myadestes townsendi",1,"Bird","Viorel Popescu (2020), modified by Jay Matsushiba (2025)",NA,0.91946989297867,1,14,"Bird","S5B","Yellow","NA","LC"
"123","/home/jay/Programming_Projects/bowen.biodiversity.webapp/inst/extdata/sdm/Myotis.lucifugus_NAs_pu_mask.tif","Myotis.lucifugus_NAs_pu_mask.tif","Myotis lucifugus",1,"MammalSmall","Viorel Popescu (2020), modified by Jay Matsushiba (2025)",NA,0.82545340061188,2,NA,"MammalSmall","S3S4","Blue","E","EN"
"124","/home/jay/Programming_Projects/bowen.biodiversity.webapp/inst/extdata/sdm/Neovison.vison_NAs_pu_mask.tif","Neovison.vison_NAs_pu_mask.tif","Neovison vison",1,"MammalSmall","Viorel Popescu (2020), modified by Jay Matsushiba (2025)","updated name: Neogale vison",0.83718591928482,8,NA,"MammalSmall","S5","Yellow","NA","LC"
"125","/home/jay/Programming_Projects/bowen.biodiversity.webapp/inst/extdata/sdm/Oncorhynchus.kisutch_NAs_pu_mask.tif","Oncorhynchus.kisutch_NAs_pu_mask.tif","Oncorhynchus kisutch",NA,NA,"Viorel Popescu (2020), modified by Jay Matsushiba (2025)",NA,0.63899999856949,5,NA,NA,NA,NA,NA,NA
"126","/home/jay/Programming_Projects/bowen.biodiversity.webapp/inst/extdata/sdm/Oreothlypis.celata_NAs_pu_mask.tif","Oreothlypis.celata_NAs_pu_mask.tif","Oreothlypis celata",1,"Bird","Viorel Popescu (2020), modified by Jay Matsushiba (2025)","updated name: Leiothlypis celata",0.94807434082031,8,176,"Bird","S5B","Yellow","NA","LC"
"127","/home/jay/Programming_Projects/bowen.biodiversity.webapp/inst/extdata/sdm/Oreothlypis.ruficapilla_NAs_pu_mask.tif","Oreothlypis.ruficapilla_NAs_pu_mask.tif","Oreothlypis ruficapilla",1,"Bird","Viorel Popescu (2020), modified by Jay Matsushiba (2025)","updated name: Leiothlypis ruficapilla",0.78725200891495,0,7,"Bird","S5B","Yellow","NA","LC"
"128","/home/jay/Programming_Projects/bowen.biodiversity.webapp/inst/extdata/sdm/Oxyura.jamaicensis_NAs_pu_mask.tif","Oxyura.jamaicensis_NAs_pu_mask.tif","Oxyura jamaicensis",1,"Bird","Viorel Popescu (2020), modified by Jay Matsushiba (2025)",NA,0.91774344444275,2,8,"Bird","S5","Yellow","NA","LC"
"129","/home/jay/Programming_Projects/bowen.biodiversity.webapp/inst/extdata/sdm/Pandion.haliaetus_NAs_pu_mask.tif","Pandion.haliaetus_NAs_pu_mask.tif","Pandion haliaetus",1,"Bird","Viorel Popescu (2020), modified by Jay Matsushiba (2025)",NA,0.94583225250244,1,8,"Bird","S5B","Yellow","NA","LC"
"130","/home/jay/Programming_Projects/bowen.biodiversity.webapp/inst/extdata/sdm/Passerculus.sandwichensis_NAs_pu_mask.tif","Passerculus.sandwichensis_NAs_pu_mask.tif","Passerculus sandwichensis",1,"Bird","Viorel Popescu (2020), modified by Jay Matsushiba (2025)",NA,0.93660193681717,4,40,"Bird","S5B","Yellow","NA","LC"
"131","/home/jay/Programming_Projects/bowen.biodiversity.webapp/inst/extdata/sdm/Passerella.iliaca_NAs_pu_mask.tif","Passerella.iliaca_NAs_pu_mask.tif","Passerella iliaca",1,"Bird","Viorel Popescu (2020), modified by Jay Matsushiba (2025)",NA,0.98034703731537,5,183,"Bird","S5","Yellow","NA","LC"
"132","/home/jay/Programming_Projects/bowen.biodiversity.webapp/inst/extdata/sdm/Patagioenas.fasciata_NAs_pu_mask.tif","Patagioenas.fasciata_NAs_pu_mask.tif","Patagioenas fasciata",1,"Bird","Viorel Popescu (2020), modified by Jay Matsushiba (2025)",NA,0.99005120992661,6,138,"Bird","S3S4","Blue","SC","LC"
"133","/home/jay/Programming_Projects/bowen.biodiversity.webapp/inst/extdata/sdm/Peromyscus.keeni_NAs_pu_mask.tif","Peromyscus.keeni_NAs_pu_mask.tif","Peromyscus keeni",1,"MammalSmall","Viorel Popescu (2020), modified by Jay Matsushiba (2025)","changed taxon from Bird to MammalSmall",0.79673570394516,0,0,"MammalSmall","S5","Yellow","NA","LC"
"134","/home/jay/Programming_Projects/bowen.biodiversity.webapp/inst/extdata/sdm/Peromyscus.maniculatus_NAs_pu_mask.tif","Peromyscus.maniculatus_NAs_pu_mask.tif","Peromyscus maniculatus",1,"MammalSmall","Viorel Popescu (2020), modified by Jay Matsushiba (2025)","changed taxon from Bird to MammalSmall, species also known as Peromyscus sonoriensis",0.94516724348068,7,0,"MammalSmall","S5","Yellow","NA","LC"
"135","/home/jay/Programming_Projects/bowen.biodiversity.webapp/inst/extdata/sdm/Petrochelidon.pyrrhonota_NAs_pu_mask.tif","Petrochelidon.pyrrhonota_NAs_pu_mask.tif","Petrochelidon pyrrhonota",1,"Bird","Viorel Popescu (2020), modified by Jay Matsushiba (2025)",NA,0.89719808101654,0,5,"Bird","S4S5B","Yellow","NA","LC"
"136","/home/jay/Programming_Projects/bowen.biodiversity.webapp/inst/extdata/sdm/Phalacrocorax.auritus_NAs_pu_mask.tif","Phalacrocorax.auritus_NAs_pu_mask.tif","Phalacrocorax auritus",1,"Bird","Viorel Popescu (2020), modified by Jay Matsushiba (2025)","updated name: Nannopterum auritum",0.96877682209015,19,979,"Bird","S3S4","Blue","NAR","LC"
"137","/home/jay/Programming_Projects/bowen.biodiversity.webapp/inst/extdata/sdm/Phalacrocorax.pelagicus_NAs_pu_mask.tif","Phalacrocorax.pelagicus_NAs_pu_mask.tif","Phalacrocorax pelagicus",1,"Bird","Viorel Popescu (2020), modified by Jay Matsushiba (2025)","updated name: Urile pelagicus",0.99410009384155,10,898,"Bird","S4","Yellow","NA","LC"
"138","/home/jay/Programming_Projects/bowen.biodiversity.webapp/inst/extdata/sdm/Phalacrocorax.penicillatus_NAs_pu_mask.tif","Phalacrocorax.penicillatus_NAs_pu_mask.tif","Phalacrocorax penicillatus",1,"Bird","Viorel Popescu (2020), modified by Jay Matsushiba (2025)","updated name: Urile penicillatus",0.98791748285294,4,153,"Bird","S1B, S4N","Red","NA","LC"
"139","/home/jay/Programming_Projects/bowen.biodiversity.webapp/inst/extdata/sdm/Phalaropus.lobatus_NAs_pu_mask.tif","Phalaropus.lobatus_NAs_pu_mask.tif","Phalaropus lobatus",1,"Bird","Viorel Popescu (2020), modified by Jay Matsushiba (2025)",NA,0.90576887130737,0,2,"Bird","S3B, SNRM","Blue","SC","LC"
"140","/home/jay/Programming_Projects/bowen.biodiversity.webapp/inst/extdata/sdm/Pheucticus.melanocephalus_NAs_pu_mask.tif","Pheucticus.melanocephalus_NAs_pu_mask.tif","Pheucticus melanocephalus",1,"Bird","Viorel Popescu (2020), modified by Jay Matsushiba (2025)",NA,0.96039128303528,7,236,"Bird","S5B","Yellow","NA","LC"
"141","/home/jay/Programming_Projects/bowen.biodiversity.webapp/inst/extdata/sdm/Picoides.pubescens_NAs_pu_mask.tif","Picoides.pubescens_NAs_pu_mask.tif","Picoides pubescens",1,"Bird","Viorel Popescu (2020), modified by Jay Matsushiba (2025)","updated name: Dryobates pubescens",0.87314075231552,2,217,"Bird","S5","Yellow","NA","LC"
"142","/home/jay/Programming_Projects/bowen.biodiversity.webapp/inst/extdata/sdm/Picoides.villosus_NAs_pu_mask.tif","Picoides.villosus_NAs_pu_mask.tif","Picoides villosus",1,"Bird","Viorel Popescu (2020), modified by Jay Matsushiba (2025)","updated name: Dryobates villosus, also known as Leuconotopicus villosus",0.96000719070435,11,217,"Bird","S5","Yellow","NA","LC"
"143","/home/jay/Programming_Projects/bowen.biodiversity.webapp/inst/extdata/sdm/Pipilo.maculatus_NAs_pu_mask.tif","Pipilo.maculatus_NAs_pu_mask.tif","Pipilo maculatus",1,"Bird","Viorel Popescu (2020), modified by Jay Matsushiba (2025)",NA,0.98376160860062,25,1894,"Bird","S5","Yellow","NA","LC"
"144","/home/jay/Programming_Projects/bowen.biodiversity.webapp/inst/extdata/sdm/Piranga.ludoviciana_NAs_pu_mask.tif","Piranga.ludoviciana_NAs_pu_mask.tif","Piranga ludoviciana",1,"Bird","Viorel Popescu (2020), modified by Jay Matsushiba (2025)",NA,0.94049733877182,2,252,"Bird","S5B","Yellow","NA","LC"
"145","/home/jay/Programming_Projects/bowen.biodiversity.webapp/inst/extdata/sdm/Podiceps.auritus_NAs_pu_mask.tif","Podiceps.auritus_NAs_pu_mask.tif","Podiceps auritus",1,"Bird","Viorel Popescu (2020), modified by Jay Matsushiba (2025)",NA,0.96167105436325,26,504,"Bird","S4B, SNRN","Yellow","SC","VU"
"146","/home/jay/Programming_Projects/bowen.biodiversity.webapp/inst/extdata/sdm/Podiceps.grisegena_NAs_pu_mask.tif","Podiceps.grisegena_NAs_pu_mask.tif","Podiceps grisegena",1,"Bird","Viorel Popescu (2020), modified by Jay Matsushiba (2025)",NA,0.9624907374382,7,442,"Bird","S5?B","Yellow","NAR","LC"
"147","/home/jay/Programming_Projects/bowen.biodiversity.webapp/inst/extdata/sdm/Podiceps.nigricollis_NAs_pu_mask.tif","Podiceps.nigricollis_NAs_pu_mask.tif","Podiceps nigricollis",1,"Bird","Viorel Popescu (2020), modified by Jay Matsushiba (2025)",NA,0.8691349029541,0,3,"Bird","S3B","Blue","NA","LC"
"148","/home/jay/Programming_Projects/bowen.biodiversity.webapp/inst/extdata/sdm/Podilymbus.podiceps_NAs_pu_mask.tif","Podilymbus.podiceps_NAs_pu_mask.tif","Podilymbus podiceps",1,"Bird","Viorel Popescu (2020), modified by Jay Matsushiba (2025)",NA,0.97220027446747,13,652,"Bird","S4","Yellow","NA","LC"
"149","/home/jay/Programming_Projects/bowen.biodiversity.webapp/inst/extdata/sdm/Poecile.rufescens_NAs_pu_mask.tif","Poecile.rufescens_NAs_pu_mask.tif","Poecile rufescens",1,"Bird","Viorel Popescu (2020), modified by Jay Matsushiba (2025)",NA,0.98444628715515,12,1304,"Bird","S5","Yellow","NA","LC"
"150","/home/jay/Programming_Projects/bowen.biodiversity.webapp/inst/extdata/sdm/Porzana.carolina_NAs_pu_mask.tif","Porzana.carolina_NAs_pu_mask.tif","Porzana carolina",1,"Bird","Viorel Popescu (2020), modified by Jay Matsushiba (2025)",NA,0.77089422941208,2,1,"Bird","S5","Yellow","NA","LC"
"151","/home/jay/Programming_Projects/bowen.biodiversity.webapp/inst/extdata/sdm/Progne.subis_NAs_pu_mask.tif","Progne.subis_NAs_pu_mask.tif","Progne subis",1,"Bird","Viorel Popescu (2020), modified by Jay Matsushiba (2025)",NA,0.71154361963272,0,18,"Bird","S3S4B","Blue","NA","LC"
"152","/home/jay/Programming_Projects/bowen.biodiversity.webapp/inst/extdata/sdm/Psaltriparus.minimus_NAs_pu_mask.tif","Psaltriparus.minimus_NAs_pu_mask.tif","Psaltriparus minimus",1,"Bird","Viorel Popescu (2020), modified by Jay Matsushiba (2025)",NA,0.81845355033875,0,37,"Bird","S4B","Yellow","NA","LC"
"153","/home/jay/Programming_Projects/bowen.biodiversity.webapp/inst/extdata/sdm/Pseudacris.regilla_NAs_pu_mask.tif","Pseudacris.regilla_NAs_pu_mask.tif","Pseudacris regilla",1,"Amphibian","Viorel Popescu (2020), modified by Jay Matsushiba (2025)",NA,0.93599998950958,57,NA,"Amphibian","S5","Yellow","NA","LC"
"154","/home/jay/Programming_Projects/bowen.biodiversity.webapp/inst/extdata/sdm/Rallus.limicola_NAs_pu_mask.tif","Rallus.limicola_NAs_pu_mask.tif","Rallus limicola",1,"Bird","Viorel Popescu (2020), modified by Jay Matsushiba (2025)",NA,0.95813852548599,5,102,"Bird","S4S5","Yellow","NA","LC"
"155","/home/jay/Programming_Projects/bowen.biodiversity.webapp/inst/extdata/sdm/Rana.aurora_NAs_pu_mask.tif","Rana.aurora_NAs_pu_mask.tif","Rana aurora",1,"Amphibian","Viorel Popescu (2020), modified by Jay Matsushiba (2025)",NA,0.83950173854828,181,NA,"Amphibian","S3","Blue","SC","LC"
"156","/home/jay/Programming_Projects/bowen.biodiversity.webapp/inst/extdata/sdm/Regulus.calendula_NAs_pu_mask.tif","Regulus.calendula_NAs_pu_mask.tif","Regulus calendula",1,"Bird","Viorel Popescu (2020), modified by Jay Matsushiba (2025)","updated name: Corthylio calendula",0.95533603429794,3,381,"Bird","S5","Yellow","NA","LC"
"157","/home/jay/Programming_Projects/bowen.biodiversity.webapp/inst/extdata/sdm/Regulus.satrapa_NAs_pu_mask.tif","Regulus.satrapa_NAs_pu_mask.tif","Regulus satrapa",1,"Bird","Viorel Popescu (2020), modified by Jay Matsushiba (2025)",NA,0.96908837556839,11,951,"Bird","S5","Yellow","NA","LC"
"158","/home/jay/Programming_Projects/bowen.biodiversity.webapp/inst/extdata/sdm/Riparia.riparia_NAs_pu_mask.tif","Riparia.riparia_NAs_pu_mask.tif","Riparia riparia",1,"Bird","Viorel Popescu (2020), modified by Jay Matsushiba (2025)",NA,0.85121315717697,11,0,"Bird","S4?B","Yellow","T","LC"
"159","/home/jay/Programming_Projects/bowen.biodiversity.webapp/inst/extdata/sdm/Sayornis.saya_NAs_pu_mask.tif","Sayornis.saya_NAs_pu_mask.tif","Sayornis saya",1,"Bird","Viorel Popescu (2020), modified by Jay Matsushiba (2025)",NA,0.68393224477768,1,0,"Bird","S4S5B","Yellow","NA","LC"
"160","/home/jay/Programming_Projects/bowen.biodiversity.webapp/inst/extdata/sdm/Selasphorus.rufus_NAs_pu_mask.tif","Selasphorus.rufus_NAs_pu_mask.tif","Selasphorus rufus",1,"Bird","Viorel Popescu (2020), modified by Jay Matsushiba (2025)",NA,0.95468062162399,17,393,"Bird","S4?B","Yellow","NA","NT"
"161","/home/jay/Programming_Projects/bowen.biodiversity.webapp/inst/extdata/sdm/Setophaga.coronata_NAs_pu_mask.tif","Setophaga.coronata_NAs_pu_mask.tif","Setophaga coronata",1,"Bird","Viorel Popescu (2020), modified by Jay Matsushiba (2025)",NA,0.95066159963608,27,463,"Bird","S5B","Yellow","NA","LC"
"162","/home/jay/Programming_Projects/bowen.biodiversity.webapp/inst/extdata/sdm/Setophaga.nigrescens_NAs_pu_mask.tif","Setophaga.nigrescens_NAs_pu_mask.tif","Setophaga nigrescens",1,"Bird","Viorel Popescu (2020), modified by Jay Matsushiba (2025)",NA,0.98982566595078,4,341,"Bird","S4S5B","Yellow","NA","LC"
"163","/home/jay/Programming_Projects/bowen.biodiversity.webapp/inst/extdata/sdm/Sialia.currucoides_NAs_pu_mask.tif","Sialia.currucoides_NAs_pu_mask.tif","Sialia currucoides",1,"Bird","Viorel Popescu (2020), modified by Jay Matsushiba (2025)",NA,0.72316473722458,0,1,"Bird","S4S5B","Yellow","NA","LC"
"164","/home/jay/Programming_Projects/bowen.biodiversity.webapp/inst/extdata/sdm/Sitta.canadensis_NAs_pu_mask.tif","Sitta.canadensis_NAs_pu_mask.tif","Sitta canadensis",1,"Bird","Viorel Popescu (2020), modified by Jay Matsushiba (2025)",NA,0.96326178312302,12,1064,"Bird","S5","Yellow","NA","LC"
"165","/home/jay/Programming_Projects/bowen.biodiversity.webapp/inst/extdata/sdm/Sorex.cinereus_NAs_pu_mask.tif","Sorex.cinereus_NAs_pu_mask.tif","Sorex cinereus",1,"MammalSmall","Viorel Popescu (2020), modified by Jay Matsushiba (2025)",NA,0.52073276042938,0,NA,"MammalSmall","S5","Yellow","NA","LC"
"166","/home/jay/Programming_Projects/bowen.biodiversity.webapp/inst/extdata/sdm/Sorex.monticolus_NAs_pu_mask.tif","Sorex.monticolus_NAs_pu_mask.tif","Sorex monticolus",1,"MammalSmall","Viorel Popescu (2020), modified by Jay Matsushiba (2025)","updated name: Sorex obscurus",0.9426628947258,0,NA,"MammalSmall","S5","Yellow","NA","LC"
"167","/home/jay/Programming_Projects/bowen.biodiversity.webapp/inst/extdata/sdm/Sphyrapicus.ruber_NAs_pu_mask.tif","Sphyrapicus.ruber_NAs_pu_mask.tif","Sphyrapicus ruber",1,"Bird","Viorel Popescu (2020), modified by Jay Matsushiba (2025)",NA,0.96399998664856,27,318,"Bird","S5B","Yellow","NA","LC"
"168","/home/jay/Programming_Projects/bowen.biodiversity.webapp/inst/extdata/sdm/Spinus.pinus_NAs_pu_mask.tif","Spinus.pinus_NAs_pu_mask.tif","Spinus pinus",1,"Bird","Viorel Popescu (2020), modified by Jay Matsushiba (2025)","duplicate, see Carduelis pinus",0.50475627183914,20,608,"Bird","S5B","Yellow","NA","LC"
"169","/home/jay/Programming_Projects/bowen.biodiversity.webapp/inst/extdata/sdm/Spinus.tristis_NAs_pu_mask.tif","Spinus.tristis_NAs_pu_mask.tif","Spinus tristis",1,"Bird","Viorel Popescu (2020), modified by Jay Matsushiba (2025)","duplicate, see Carduelis tristis",0.92733907699585,3,193,"Bird","S4","Yellow","NA","LC"
"170","/home/jay/Programming_Projects/bowen.biodiversity.webapp/inst/extdata/sdm/Spizella.passerina_NAs_pu_mask.tif","Spizella.passerina_NAs_pu_mask.tif","Spizella passerina",1,"Bird","Viorel Popescu (2020), modified by Jay Matsushiba (2025)",NA,0.82602226734161,1,5,"Bird","S5B","Yellow","NA","LC"
"171","/home/jay/Programming_Projects/bowen.biodiversity.webapp/inst/extdata/sdm/Stelgidopteryx.serripennis_NAs_pu_mask.tif","Stelgidopteryx.serripennis_NAs_pu_mask.tif","Stelgidopteryx serripennis",1,"Bird","Viorel Popescu (2020), modified by Jay Matsushiba (2025)",NA,0.93666505813599,3,89,"Bird","S4S5B","Yellow","NA","LC"
"172","/home/jay/Programming_Projects/bowen.biodiversity.webapp/inst/extdata/sdm/Stercorarius.parasiticus_NAs_pu_mask.tif","Stercorarius.parasiticus_NAs_pu_mask.tif","Stercorarius parasiticus",1,"Bird","Viorel Popescu (2020), modified by Jay Matsushiba (2025)",NA,0.97670167684555,0,4,"Bird","S1B, SUM","Red","NA","LC"
"173","/home/jay/Programming_Projects/bowen.biodiversity.webapp/inst/extdata/sdm/Strix.varia_NAs_pu_mask.tif","Strix.varia_NAs_pu_mask.tif","Strix varia",1,"Bird","Viorel Popescu (2020), modified by Jay Matsushiba (2025)",NA,0.97251206636429,48,264,"Bird","S5","Yellow","NA","LC"
"174","/home/jay/Programming_Projects/bowen.biodiversity.webapp/inst/extdata/sdm/Synthliboramphus.antiquus_NAs_pu_mask.tif","Synthliboramphus.antiquus_NAs_pu_mask.tif","Synthliboramphus antiquus",1,"Bird","Viorel Popescu (2020), modified by Jay Matsushiba (2025)",NA,0.98025357723236,1,8,"Bird","S2S3B, S4N","Blue","SC","LC"
"175","/home/jay/Programming_Projects/bowen.biodiversity.webapp/inst/extdata/sdm/Tachycineta.bicolor_NAs_pu_mask.tif","Tachycineta.bicolor_NAs_pu_mask.tif","Tachycineta bicolor",1,"Bird","Viorel Popescu (2020), modified by Jay Matsushiba (2025)",NA,0.92278754711151,4,474,"Bird","S5B","Yellow","NA","LC"
"176","/home/jay/Programming_Projects/bowen.biodiversity.webapp/inst/extdata/sdm/Taricha.granulosa_NAs_pu_mask.tif","Taricha.granulosa_NAs_pu_mask.tif","Taricha granulosa",1,"Amphibian","Viorel Popescu (2020), modified by Jay Matsushiba (2025)",NA,0.97379094362259,78,NA,"Amphibian","S4","Yellow","NA","LC"
"177","/home/jay/Programming_Projects/bowen.biodiversity.webapp/inst/extdata/sdm/Thamnophis.elegans_NAs_pu_mask.tif","Thamnophis.elegans_NAs_pu_mask.tif","Thamnophis elegans",1,"Reptile","Viorel Popescu (2020), modified by Jay Matsushiba (2025)",NA,0.97349560260773,42,NA,"Reptile","S5","Yellow","NA","LC"
"178","/home/jay/Programming_Projects/bowen.biodiversity.webapp/inst/extdata/sdm/Thamnophis.ordinoides_NAs_pu_mask.tif","Thamnophis.ordinoides_NAs_pu_mask.tif","Thamnophis ordinoides",1,"Reptile","Viorel Popescu (2020), modified by Jay Matsushiba (2025)",NA,0.98040169477463,50,NA,"Reptile","S4","Yellow","NAR","LC"
"179","/home/jay/Programming_Projects/bowen.biodiversity.webapp/inst/extdata/sdm/Thamnophis.sirtalis_NAs_pu_mask.tif","Thamnophis.sirtalis_NAs_pu_mask.tif","Thamnophis sirtalis",1,"Reptile","Viorel Popescu (2020), modified by Jay Matsushiba (2025)",NA,0.9575120806694,53,NA,"Reptile","S5","Yellow","NA","LC"
"180","/home/jay/Programming_Projects/bowen.biodiversity.webapp/inst/extdata/sdm/Thryomanes.bewickii_NAs_pu_mask.tif","Thryomanes.bewickii_NAs_pu_mask.tif","Thryomanes bewickii",1,"Bird","Viorel Popescu (2020), modified by Jay Matsushiba (2025)",NA,0.68851208686829,0,18,"Bird","S4","Yellow","NA","LC"
"181","/home/jay/Programming_Projects/bowen.biodiversity.webapp/inst/extdata/sdm/Tringa.incana_NAs_pu_mask.tif","Tringa.incana_NAs_pu_mask.tif","Tringa incana",1,"Bird","Viorel Popescu (2020), modified by Jay Matsushiba (2025)",NA,0.98104828596115,0,1,"Bird","S3B","Blue","NA","LC"
"182","/home/jay/Programming_Projects/bowen.biodiversity.webapp/inst/extdata/sdm/Tringa.melanoleuca_NAs_pu_mask.tif","Tringa.melanoleuca_NAs_pu_mask.tif","Tringa melanoleuca",1,"Bird","Viorel Popescu (2020), modified by Jay Matsushiba (2025)",NA,0.91882979869843,0,8,"Bird","S5B, SUN","Yellow","NT","LC"
"183","/home/jay/Programming_Projects/bowen.biodiversity.webapp/inst/extdata/sdm/Tringa.solitaria_NAs_pu_mask.tif","Tringa.solitaria_NAs_pu_mask.tif","Tringa solitaria",1,"Bird","Viorel Popescu (2020), modified by Jay Matsushiba (2025)",NA,0.88045591115952,0,1,"Bird","S5B","Yellow","NA","LC"
"184","/home/jay/Programming_Projects/bowen.biodiversity.webapp/inst/extdata/sdm/Troglodytes.aedon_NAs_pu_mask.tif","Troglodytes.aedon_NAs_pu_mask.tif","Troglodytes aedon",1,"Bird","Viorel Popescu (2020), modified by Jay Matsushiba (2025)",NA,0.60900461673737,2,52,"Bird","S5B","Yellow","NA","LC"
"185","/home/jay/Programming_Projects/bowen.biodiversity.webapp/inst/extdata/sdm/Troglodytes.pacificus_NAs_pu_mask.tif","Troglodytes.pacificus_NAs_pu_mask.tif","Troglodytes pacificus",1,"Bird","Viorel Popescu (2020), modified by Jay Matsushiba (2025)",NA,0.98074227571487,20,1290,"Bird","S5","Yellow","NA","LC"
"186","/home/jay/Programming_Projects/bowen.biodiversity.webapp/inst/extdata/sdm/Turdus.migratorius_NAs_pu_mask.tif","Turdus.migratorius_NAs_pu_mask.tif","Turdus migratorius",1,"Bird","Viorel Popescu (2020), modified by Jay Matsushiba (2025)",NA,0.96782249212265,37,1481,"Bird","S5","Yellow","NA","LC"
"187","/home/jay/Programming_Projects/bowen.biodiversity.webapp/inst/extdata/sdm/Vireo.cassinii_NAs_pu_mask.tif","Vireo.cassinii_NAs_pu_mask.tif","Vireo cassinii",1,"Bird","Viorel Popescu (2020), modified by Jay Matsushiba (2025)",NA,0.95436924695969,1,51,"Bird","S5B","Yellow","NA","LC"
"188","/home/jay/Programming_Projects/bowen.biodiversity.webapp/inst/extdata/sdm/Vireo.gilvus_NAs_pu_mask.tif","Vireo.gilvus_NAs_pu_mask.tif","Vireo gilvus",1,"Bird","Viorel Popescu (2020), modified by Jay Matsushiba (2025)",NA,0.92646652460098,2,364,"Bird","S5B","Yellow","NA","LC"
"189","/home/jay/Programming_Projects/bowen.biodiversity.webapp/inst/extdata/sdm/Vireo.huttoni_NAs_pu_mask.tif","Vireo.huttoni_NAs_pu_mask.tif","Vireo huttoni",1,"Bird","Viorel Popescu (2020), modified by Jay Matsushiba (2025)",NA,0.99369084835052,1,113,"Bird","S4","Yellow","NA","LC"
"190","/home/jay/Programming_Projects/bowen.biodiversity.webapp/inst/extdata/sdm/Vireo.olivaceus_NAs_pu_mask.tif","Vireo.olivaceus_NAs_pu_mask.tif","Vireo olivaceus",1,"Bird","Viorel Popescu (2020), modified by Jay Matsushiba (2025)",NA,0.94915598630905,0,10,"Bird","S5B","Yellow","NA","LC"
"191","/home/jay/Programming_Projects/bowen.biodiversity.webapp/inst/extdata/sdm/Zenaida.macroura_NAs_pu_mask.tif","Zenaida.macroura_NAs_pu_mask.tif","Zenaida macroura",1,"Bird","Viorel Popescu (2020), modified by Jay Matsushiba (2025)",NA,0.8756320476532,0,3,"Bird","S4?B","Yellow","NA","LC"
"192","/home/jay/Programming_Projects/bowen.biodiversity.webapp/inst/extdata/sdm/Zonotrichia.albicollis_NAs_pu_mask.tif","Zonotrichia.albicollis_NAs_pu_mask.tif","Zonotrichia albicollis",1,"Bird","Viorel Popescu (2020), modified by Jay Matsushiba (2025)",NA,0.8016494512558,2,11,"Bird","S5","Yellow","NA","LC"
"193","/home/jay/Programming_Projects/bowen.biodiversity.webapp/inst/extdata/sdm/Zonotrichia.atricapilla_NAs_pu_mask.tif","Zonotrichia.atricapilla_NAs_pu_mask.tif","Zonotrichia atricapilla",1,"Bird","Viorel Popescu (2020), modified by Jay Matsushiba (2025)",NA,0.97729343175888,3,153,"Bird","S5?B","Yellow","NA","LC"
"194","/home/jay/Programming_Projects/bowen.biodiversity.webapp/inst/extdata/sdm/Zonotrichia.leucophrys_NAs_pu_mask.tif","Zonotrichia.leucophrys_NAs_pu_mask.tif","Zonotrichia leucophrys",1,"Bird","Viorel Popescu (2020), modified by Jay Matsushiba (2025)",NA,0.95602262020111,18,421,"Bird","S5","Yellow","NA","LC"
