"","name","type","filepath"
"3","Community Park","Bowen Island Municipality Park","/home/jay/Programming_Projects/Palen-Lab/bowen.biodiversity.webapp/data-etl/data-1-raw/datasets/protectedareas/Bowen-Muni-Parks-JD.gpkg"
"4","Community Park","Bowen Island Municipality Park","/home/jay/Programming_Projects/Palen-Lab/bowen.biodiversity.webapp/data-etl/data-1-raw/datasets/protectedareas/Bowen-Muni-Parks-JD.gpkg"
"5","Community Park","Bowen Island Municipality Park","/home/jay/Programming_Projects/Palen-Lab/bowen.biodiversity.webapp/data-etl/data-1-raw/datasets/protectedareas/Bowen-Muni-Parks-JD.gpkg"
"6","Quarry Community Park","Bowen Island Municipality Park","/home/jay/Programming_Projects/Palen-Lab/bowen.biodiversity.webapp/data-etl/data-1-raw/datasets/protectedareas/Bowen-Muni-Parks-JD.gpkg"
"9","Community Park","Bowen Island Municipality Park","/home/jay/Programming_Projects/Palen-Lab/bowen.biodiversity.webapp/data-etl/data-1-raw/datasets/protectedareas/Bowen-Muni-Parks-JD.gpkg"
"10","Bowen Island Municipal Park","Bowen Island Municipality Park","/home/jay/Programming_Projects/Palen-Lab/bowen.biodiversity.webapp/data-etl/data-1-raw/datasets/protectedareas/Bowen-Muni-Parks-JD.gpkg"
"11","Bowen Island Municipal Park","Bowen Island Municipality Park","/home/jay/Programming_Projects/Palen-Lab/bowen.biodiversity.webapp/data-etl/data-1-raw/datasets/protectedareas/Bowen-Muni-Parks-JD.gpkg"
"13","Community Park","Bowen Island Municipality Park","/home/jay/Programming_Projects/Palen-Lab/bowen.biodiversity.webapp/data-etl/data-1-raw/datasets/protectedareas/Bowen-Muni-Parks-JD.gpkg"
"14","Community Park","Bowen Island Municipality Park","/home/jay/Programming_Projects/Palen-Lab/bowen.biodiversity.webapp/data-etl/data-1-raw/datasets/protectedareas/Bowen-Muni-Parks-JD.gpkg"
"15","Community Park","Bowen Island Municipality Park","/home/jay/Programming_Projects/Palen-Lab/bowen.biodiversity.webapp/data-etl/data-1-raw/datasets/protectedareas/Bowen-Muni-Parks-JD.gpkg"
"16","Community Park","Bowen Island Municipality Park","/home/jay/Programming_Projects/Palen-Lab/bowen.biodiversity.webapp/data-etl/data-1-raw/datasets/protectedareas/Bowen-Muni-Parks-JD.gpkg"
"17","Community Park","Bowen Island Municipality Park","/home/jay/Programming_Projects/Palen-Lab/bowen.biodiversity.webapp/data-etl/data-1-raw/datasets/protectedareas/Bowen-Muni-Parks-JD.gpkg"
"20","Headwaters Municipal Park","Bowen Island Municipality Park","/home/jay/Programming_Projects/Palen-Lab/bowen.biodiversity.webapp/data-etl/data-1-raw/datasets/protectedareas/Bowen-Muni-Parks-JD.gpkg"
"21","Community Park","Bowen Island Municipality Park","/home/jay/Programming_Projects/Palen-Lab/bowen.biodiversity.webapp/data-etl/data-1-raw/datasets/protectedareas/Bowen-Muni-Parks-JD.gpkg"
"22","Community Park","Bowen Island Municipality Park","/home/jay/Programming_Projects/Palen-Lab/bowen.biodiversity.webapp/data-etl/data-1-raw/datasets/protectedareas/Bowen-Muni-Parks-JD.gpkg"
"23","Community Park","Bowen Island Municipality Park","/home/jay/Programming_Projects/Palen-Lab/bowen.biodiversity.webapp/data-etl/data-1-raw/datasets/protectedareas/Bowen-Muni-Parks-JD.gpkg"
"24","Community Park","Bowen Island Municipality Park","/home/jay/Programming_Projects/Palen-Lab/bowen.biodiversity.webapp/data-etl/data-1-raw/datasets/protectedareas/Bowen-Muni-Parks-JD.gpkg"
"25","Community Park","Bowen Island Municipality Park","/home/jay/Programming_Projects/Palen-Lab/bowen.biodiversity.webapp/data-etl/data-1-raw/datasets/protectedareas/Bowen-Muni-Parks-JD.gpkg"
"26","Community Park","Bowen Island Municipality Park","/home/jay/Programming_Projects/Palen-Lab/bowen.biodiversity.webapp/data-etl/data-1-raw/datasets/protectedareas/Bowen-Muni-Parks-JD.gpkg"
"27","Seymour Bay Park","Bowen Island Municipality Park","/home/jay/Programming_Projects/Palen-Lab/bowen.biodiversity.webapp/data-etl/data-1-raw/datasets/protectedareas/Bowen-Muni-Parks-JD.gpkg"
"28","Carter Park","Bowen Island Municipality Park","/home/jay/Programming_Projects/Palen-Lab/bowen.biodiversity.webapp/data-etl/data-1-raw/datasets/protectedareas/Bowen-Muni-Parks-JD.gpkg"
"29","Bowen Island Municipal Park","Bowen Island Municipality Park","/home/jay/Programming_Projects/Palen-Lab/bowen.biodiversity.webapp/data-etl/data-1-raw/datasets/protectedareas/Bowen-Muni-Parks-JD.gpkg"
"30","Bowen Island Municipal Park","Bowen Island Municipality Park","/home/jay/Programming_Projects/Palen-Lab/bowen.biodiversity.webapp/data-etl/data-1-raw/datasets/protectedareas/Bowen-Muni-Parks-JD.gpkg"
"32","Bowen Island Municipal Park","Bowen Island Municipality Park","/home/jay/Programming_Projects/Palen-Lab/bowen.biodiversity.webapp/data-etl/data-1-raw/datasets/protectedareas/Bowen-Muni-Parks-JD.gpkg"
"33","Bowen Island Municipal Park","Bowen Island Municipality Park","/home/jay/Programming_Projects/Palen-Lab/bowen.biodiversity.webapp/data-etl/data-1-raw/datasets/protectedareas/Bowen-Muni-Parks-JD.gpkg"
"34","Bowen Island Municipal Park","Bowen Island Municipality Park","/home/jay/Programming_Projects/Palen-Lab/bowen.biodiversity.webapp/data-etl/data-1-raw/datasets/protectedareas/Bowen-Muni-Parks-JD.gpkg"
"35","Bowen Island Municipal Park","Bowen Island Municipality Park","/home/jay/Programming_Projects/Palen-Lab/bowen.biodiversity.webapp/data-etl/data-1-raw/datasets/protectedareas/Bowen-Muni-Parks-JD.gpkg"
"36","Bowen Island Municipal Park","Bowen Island Municipality Park","/home/jay/Programming_Projects/Palen-Lab/bowen.biodiversity.webapp/data-etl/data-1-raw/datasets/protectedareas/Bowen-Muni-Parks-JD.gpkg"
"37","Bowen Island Municipal Park","Bowen Island Municipality Park","/home/jay/Programming_Projects/Palen-Lab/bowen.biodiversity.webapp/data-etl/data-1-raw/datasets/protectedareas/Bowen-Muni-Parks-JD.gpkg"
"38","Bowen Island Municipal Park","Bowen Island Municipality Park","/home/jay/Programming_Projects/Palen-Lab/bowen.biodiversity.webapp/data-etl/data-1-raw/datasets/protectedareas/Bowen-Muni-Parks-JD.gpkg"
"40","Bowen Island Municipal Park","Bowen Island Municipality Park","/home/jay/Programming_Projects/Palen-Lab/bowen.biodiversity.webapp/data-etl/data-1-raw/datasets/protectedareas/Bowen-Muni-Parks-JD.gpkg"
"41",NA,"Bowen Island Municipality Park","/home/jay/Programming_Projects/Palen-Lab/bowen.biodiversity.webapp/data-etl/data-1-raw/datasets/protectedareas/Bowen-Muni-Parks-JD.gpkg"
"42","Vetrans Park","Bowen Island Municipality Park","/home/jay/Programming_Projects/Palen-Lab/bowen.biodiversity.webapp/data-etl/data-1-raw/datasets/protectedareas/Bowen-Muni-Parks-JD.gpkg"
"43",NA,"Bowen Island Municipality Park","/home/jay/Programming_Projects/Palen-Lab/bowen.biodiversity.webapp/data-etl/data-1-raw/datasets/protectedareas/Bowen-Muni-Parks-JD.gpkg"
"44",NA,"Bowen Island Municipality Park","/home/jay/Programming_Projects/Palen-Lab/bowen.biodiversity.webapp/data-etl/data-1-raw/datasets/protectedareas/Bowen-Muni-Parks-JD.gpkg"
"45",NA,"Bowen Island Municipality Park","/home/jay/Programming_Projects/Palen-Lab/bowen.biodiversity.webapp/data-etl/data-1-raw/datasets/protectedareas/Bowen-Muni-Parks-JD.gpkg"
"46",NA,"Bowen Island Municipality Park","/home/jay/Programming_Projects/Palen-Lab/bowen.biodiversity.webapp/data-etl/data-1-raw/datasets/protectedareas/Bowen-Muni-Parks-JD.gpkg"
"47",NA,"Bowen Island Municipality Park","/home/jay/Programming_Projects/Palen-Lab/bowen.biodiversity.webapp/data-etl/data-1-raw/datasets/protectedareas/Bowen-Muni-Parks-JD.gpkg"
"48",NA,"Bowen Island Municipality Park","/home/jay/Programming_Projects/Palen-Lab/bowen.biodiversity.webapp/data-etl/data-1-raw/datasets/protectedareas/Bowen-Muni-Parks-JD.gpkg"
"51","Terminal Creek Park","Bowen Island Municipality Park","/home/jay/Programming_Projects/Palen-Lab/bowen.biodiversity.webapp/data-etl/data-1-raw/datasets/protectedareas/Bowen-Muni-Parks-JD.gpkg"
"62","Art Rennison Nature Park","Bowen Island Municipality Park","/home/jay/Programming_Projects/Palen-Lab/bowen.biodiversity.webapp/data-etl/data-1-raw/datasets/protectedareas/Bowen-Muni-Parks-JD.gpkg"
"63","Evergreen Park","Bowen Island Municipality Park","/home/jay/Programming_Projects/Palen-Lab/bowen.biodiversity.webapp/data-etl/data-1-raw/datasets/protectedareas/Bowen-Muni-Parks-JD.gpkg"
"64","Evergreen park","Bowen Island Municipality Park","/home/jay/Programming_Projects/Palen-Lab/bowen.biodiversity.webapp/data-etl/data-1-raw/datasets/protectedareas/Bowen-Muni-Parks-JD.gpkg"
"65","Evergreen  Park","Bowen Island Municipality Park","/home/jay/Programming_Projects/Palen-Lab/bowen.biodiversity.webapp/data-etl/data-1-raw/datasets/protectedareas/Bowen-Muni-Parks-JD.gpkg"
"66","Evergreen Park","Bowen Island Municipality Park","/home/jay/Programming_Projects/Palen-Lab/bowen.biodiversity.webapp/data-etl/data-1-raw/datasets/protectedareas/Bowen-Muni-Parks-JD.gpkg"
"67","Evergreen Park","Bowen Island Municipality Park","/home/jay/Programming_Projects/Palen-Lab/bowen.biodiversity.webapp/data-etl/data-1-raw/datasets/protectedareas/Bowen-Muni-Parks-JD.gpkg"
"68","Park","Bowen Island Municipality Park","/home/jay/Programming_Projects/Palen-Lab/bowen.biodiversity.webapp/data-etl/data-1-raw/datasets/protectedareas/Bowen-Muni-Parks-JD.gpkg"
"69","municipal park?","Bowen Island Municipality Park","/home/jay/Programming_Projects/Palen-Lab/bowen.biodiversity.webapp/data-etl/data-1-raw/datasets/protectedareas/Bowen-Muni-Parks-JD.gpkg"
"70","Municipal Park","Bowen Island Municipality Park","/home/jay/Programming_Projects/Palen-Lab/bowen.biodiversity.webapp/data-etl/data-1-raw/datasets/protectedareas/Bowen-Muni-Parks-JD.gpkg"
"72","Park?","Bowen Island Municipality Park","/home/jay/Programming_Projects/Palen-Lab/bowen.biodiversity.webapp/data-etl/data-1-raw/datasets/protectedareas/Bowen-Muni-Parks-JD.gpkg"
"73","Municipal Park?","Bowen Island Municipality Park","/home/jay/Programming_Projects/Palen-Lab/bowen.biodiversity.webapp/data-etl/data-1-raw/datasets/protectedareas/Bowen-Muni-Parks-JD.gpkg"
"74","Bylaw 378 - park land exchange","Bowen Island Municipality Park","/home/jay/Programming_Projects/Palen-Lab/bowen.biodiversity.webapp/data-etl/data-1-raw/datasets/protectedareas/Bowen-Muni-Parks-JD.gpkg"
"76","Park","Bowen Island Municipality Park","/home/jay/Programming_Projects/Palen-Lab/bowen.biodiversity.webapp/data-etl/data-1-raw/datasets/protectedareas/Bowen-Muni-Parks-JD.gpkg"
"78",NA,"Bowen Island Municipality Park","/home/jay/Programming_Projects/Palen-Lab/bowen.biodiversity.webapp/data-etl/data-1-raw/datasets/protectedareas/Bowen-Muni-Parks-JD.gpkg"
"79","repair","Bowen Island Municipality Park","/home/jay/Programming_Projects/Palen-Lab/bowen.biodiversity.webapp/data-etl/data-1-raw/datasets/protectedareas/Bowen-Muni-Parks-JD.gpkg"
"80","park","Bowen Island Municipality Park","/home/jay/Programming_Projects/Palen-Lab/bowen.biodiversity.webapp/data-etl/data-1-raw/datasets/protectedareas/Bowen-Muni-Parks-JD.gpkg"
"81","Municipal Park","Bowen Island Municipality Park","/home/jay/Programming_Projects/Palen-Lab/bowen.biodiversity.webapp/data-etl/data-1-raw/datasets/protectedareas/Bowen-Muni-Parks-JD.gpkg"
"82",NA,"Bowen Island Municipality Park","/home/jay/Programming_Projects/Palen-Lab/bowen.biodiversity.webapp/data-etl/data-1-raw/datasets/protectedareas/Bowen-Muni-Parks-JD.gpkg"
"83",NA,"Bowen Island Municipality Park","/home/jay/Programming_Projects/Palen-Lab/bowen.biodiversity.webapp/data-etl/data-1-raw/datasets/protectedareas/Bowen-Muni-Parks-JD.gpkg"
"84",NA,"Bowen Island Municipality Park","/home/jay/Programming_Projects/Palen-Lab/bowen.biodiversity.webapp/data-etl/data-1-raw/datasets/protectedareas/Bowen-Muni-Parks-JD.gpkg"
"85",NA,"Bowen Island Municipality Park","/home/jay/Programming_Projects/Palen-Lab/bowen.biodiversity.webapp/data-etl/data-1-raw/datasets/protectedareas/Bowen-Muni-Parks-JD.gpkg"
"86",NA,"Bowen Island Municipality Park","/home/jay/Programming_Projects/Palen-Lab/bowen.biodiversity.webapp/data-etl/data-1-raw/datasets/protectedareas/Bowen-Muni-Parks-JD.gpkg"
"87",NA,"Bowen Island Municipality Park","/home/jay/Programming_Projects/Palen-Lab/bowen.biodiversity.webapp/data-etl/data-1-raw/datasets/protectedareas/Bowen-Muni-Parks-JD.gpkg"
"88","Evergreen Park","Bowen Island Municipality Park","/home/jay/Programming_Projects/Palen-Lab/bowen.biodiversity.webapp/data-etl/data-1-raw/datasets/protectedareas/Bowen-Muni-Parks-JD.gpkg"
"89","pathway on Cates Hill","Bowen Island Municipality Park","/home/jay/Programming_Projects/Palen-Lab/bowen.biodiversity.webapp/data-etl/data-1-raw/datasets/protectedareas/Bowen-Muni-Parks-JD.gpkg"
"90","pathway on Cates Hill to Municipal Parks","Bowen Island Municipality Park","/home/jay/Programming_Projects/Palen-Lab/bowen.biodiversity.webapp/data-etl/data-1-raw/datasets/protectedareas/Bowen-Muni-Parks-JD.gpkg"
"1","Singing Woods Nature Reserve","Conservancies","/home/jay/Programming_Projects/Palen-Lab/bowen.biodiversity.webapp/data-etl/data-1-raw/datasets/protectedareas/Bowen-Conservancies-JD.gpkg"
"2","David Otter Nature Reserve","Conservancies","/home/jay/Programming_Projects/Palen-Lab/bowen.biodiversity.webapp/data-etl/data-1-raw/datasets/protectedareas/Bowen-Conservancies-JD.gpkg"
"610","Quarry Community Park","Conservancies","/home/jay/Programming_Projects/Palen-Lab/bowen.biodiversity.webapp/data-etl/data-1-raw/datasets/protectedareas/Bowen-Conservancies-JD.gpkg"
"12","Fairy Fen Nature Reserve","Conservancies","/home/jay/Programming_Projects/Palen-Lab/bowen.biodiversity.webapp/data-etl/data-1-raw/datasets/protectedareas/Bowen-Conservancies-JD.gpkg"
"291","Bowen Island Municipal Park","Conservancies","/home/jay/Programming_Projects/Palen-Lab/bowen.biodiversity.webapp/data-etl/data-1-raw/datasets/protectedareas/Bowen-Conservancies-JD.gpkg"
"50","Wild Coast Nature Refuge","Conservancies","/home/jay/Programming_Projects/Palen-Lab/bowen.biodiversity.webapp/data-etl/data-1-raw/datasets/protectedareas/Bowen-Conservancies-JD.gpkg"
"52","Bowen Island Ecological Reserve","Conservancies","/home/jay/Programming_Projects/Palen-Lab/bowen.biodiversity.webapp/data-etl/data-1-raw/datasets/protectedareas/Bowen-Conservancies-JD.gpkg"
"631","Wild Coast waterfront from Metro","Conservancies","/home/jay/Programming_Projects/Palen-Lab/bowen.biodiversity.webapp/data-etl/data-1-raw/datasets/protectedareas/Bowen-Conservancies-JD.gpkg"
"641","Wild Coast Eastern portion","Conservancies","/home/jay/Programming_Projects/Palen-Lab/bowen.biodiversity.webapp/data-etl/data-1-raw/datasets/protectedareas/Bowen-Conservancies-JD.gpkg"
"651","Wild Coast Central area","Conservancies","/home/jay/Programming_Projects/Palen-Lab/bowen.biodiversity.webapp/data-etl/data-1-raw/datasets/protectedareas/Bowen-Conservancies-JD.gpkg"
"125","BN320904, BN320907","Covenants","/home/jay/Programming_Projects/Palen-Lab/bowen.biodiversity.webapp/data-etl/data-1-raw/datasets/protectedareas/BI-Covenant-Catalogue-Layer 1.3.2.gpkg"
"210","BN320904, BN320907","Covenants","/home/jay/Programming_Projects/Palen-Lab/bowen.biodiversity.webapp/data-etl/data-1-raw/datasets/protectedareas/BI-Covenant-Catalogue-Layer 1.3.2.gpkg"
"310","BN320904, BN320907","Covenants","/home/jay/Programming_Projects/Palen-Lab/bowen.biodiversity.webapp/data-etl/data-1-raw/datasets/protectedareas/BI-Covenant-Catalogue-Layer 1.3.2.gpkg"
"410","BN320904, BN320907","Covenants","/home/jay/Programming_Projects/Palen-Lab/bowen.biodiversity.webapp/data-etl/data-1-raw/datasets/protectedareas/BI-Covenant-Catalogue-Layer 1.3.2.gpkg"
"510","BT362980, BT362981","Covenants","/home/jay/Programming_Projects/Palen-Lab/bowen.biodiversity.webapp/data-etl/data-1-raw/datasets/protectedareas/BI-Covenant-Catalogue-Layer 1.3.2.gpkg"
"611","BA81115, BA81116","Covenants","/home/jay/Programming_Projects/Palen-Lab/bowen.biodiversity.webapp/data-etl/data-1-raw/datasets/protectedareas/BI-Covenant-Catalogue-Layer 1.3.2.gpkg"
"7","BA81115,  BA81116","Covenants","/home/jay/Programming_Projects/Palen-Lab/bowen.biodiversity.webapp/data-etl/data-1-raw/datasets/protectedareas/BI-Covenant-Catalogue-Layer 1.3.2.gpkg"
"8","BA581115, BA581116","Covenants","/home/jay/Programming_Projects/Palen-Lab/bowen.biodiversity.webapp/data-etl/data-1-raw/datasets/protectedareas/BI-Covenant-Catalogue-Layer 1.3.2.gpkg"
"910","BT362980, BT362981","Covenants","/home/jay/Programming_Projects/Palen-Lab/bowen.biodiversity.webapp/data-etl/data-1-raw/datasets/protectedareas/BI-Covenant-Catalogue-Layer 1.3.2.gpkg"
"1010","BT362980, BT362981","Covenants","/home/jay/Programming_Projects/Palen-Lab/bowen.biodiversity.webapp/data-etl/data-1-raw/datasets/protectedareas/BI-Covenant-Catalogue-Layer 1.3.2.gpkg"
"1110","BT362980, BT362981","Covenants","/home/jay/Programming_Projects/Palen-Lab/bowen.biodiversity.webapp/data-etl/data-1-raw/datasets/protectedareas/BI-Covenant-Catalogue-Layer 1.3.2.gpkg"
"1210","BT362980, BT362981","Covenants","/home/jay/Programming_Projects/Palen-Lab/bowen.biodiversity.webapp/data-etl/data-1-raw/datasets/protectedareas/BI-Covenant-Catalogue-Layer 1.3.2.gpkg"
"1310","BB340394 & BB340395","Covenants","/home/jay/Programming_Projects/Palen-Lab/bowen.biodiversity.webapp/data-etl/data-1-raw/datasets/protectedareas/BI-Covenant-Catalogue-Layer 1.3.2.gpkg"
"144","BB340394 & BB340395","Covenants","/home/jay/Programming_Projects/Palen-Lab/bowen.biodiversity.webapp/data-etl/data-1-raw/datasets/protectedareas/BI-Covenant-Catalogue-Layer 1.3.2.gpkg"
"151","BB340394 & BB340395","Covenants","/home/jay/Programming_Projects/Palen-Lab/bowen.biodiversity.webapp/data-etl/data-1-raw/datasets/protectedareas/BI-Covenant-Catalogue-Layer 1.3.2.gpkg"
"161","BB340394 & BB340395","Covenants","/home/jay/Programming_Projects/Palen-Lab/bowen.biodiversity.webapp/data-etl/data-1-raw/datasets/protectedareas/BI-Covenant-Catalogue-Layer 1.3.2.gpkg"
"171","BB340394 & BB340395","Covenants","/home/jay/Programming_Projects/Palen-Lab/bowen.biodiversity.webapp/data-etl/data-1-raw/datasets/protectedareas/BI-Covenant-Catalogue-Layer 1.3.2.gpkg"
"18","BB340394 & BB340395","Covenants","/home/jay/Programming_Projects/Palen-Lab/bowen.biodiversity.webapp/data-etl/data-1-raw/datasets/protectedareas/BI-Covenant-Catalogue-Layer 1.3.2.gpkg"
"19","BB340394 & BB340395","Covenants","/home/jay/Programming_Projects/Palen-Lab/bowen.biodiversity.webapp/data-etl/data-1-raw/datasets/protectedareas/BI-Covenant-Catalogue-Layer 1.3.2.gpkg"
"201","BB340394 & BB340395","Covenants","/home/jay/Programming_Projects/Palen-Lab/bowen.biodiversity.webapp/data-etl/data-1-raw/datasets/protectedareas/BI-Covenant-Catalogue-Layer 1.3.2.gpkg"
"211","BB340394 & BB340395","Covenants","/home/jay/Programming_Projects/Palen-Lab/bowen.biodiversity.webapp/data-etl/data-1-raw/datasets/protectedareas/BI-Covenant-Catalogue-Layer 1.3.2.gpkg"
"221","BB340394 & BB340395","Covenants","/home/jay/Programming_Projects/Palen-Lab/bowen.biodiversity.webapp/data-etl/data-1-raw/datasets/protectedareas/BI-Covenant-Catalogue-Layer 1.3.2.gpkg"
"231","BB340394 & BB340395","Covenants","/home/jay/Programming_Projects/Palen-Lab/bowen.biodiversity.webapp/data-etl/data-1-raw/datasets/protectedareas/BI-Covenant-Catalogue-Layer 1.3.2.gpkg"
"241","BB340394 & BB340395","Covenants","/home/jay/Programming_Projects/Palen-Lab/bowen.biodiversity.webapp/data-etl/data-1-raw/datasets/protectedareas/BI-Covenant-Catalogue-Layer 1.3.2.gpkg"
"251","BB340394 & BB340395","Covenants","/home/jay/Programming_Projects/Palen-Lab/bowen.biodiversity.webapp/data-etl/data-1-raw/datasets/protectedareas/BI-Covenant-Catalogue-Layer 1.3.2.gpkg"
"261","BB340394 & BB340395","Covenants","/home/jay/Programming_Projects/Palen-Lab/bowen.biodiversity.webapp/data-etl/data-1-raw/datasets/protectedareas/BI-Covenant-Catalogue-Layer 1.3.2.gpkg"
"271","BB340394 & BB340395","Covenants","/home/jay/Programming_Projects/Palen-Lab/bowen.biodiversity.webapp/data-etl/data-1-raw/datasets/protectedareas/BI-Covenant-Catalogue-Layer 1.3.2.gpkg"
"281","BB340394 & BB340395","Covenants","/home/jay/Programming_Projects/Palen-Lab/bowen.biodiversity.webapp/data-etl/data-1-raw/datasets/protectedareas/BI-Covenant-Catalogue-Layer 1.3.2.gpkg"
"292","BB340394 & BB340395","Covenants","/home/jay/Programming_Projects/Palen-Lab/bowen.biodiversity.webapp/data-etl/data-1-raw/datasets/protectedareas/BI-Covenant-Catalogue-Layer 1.3.2.gpkg"
"301","BB340394 & BB340395","Covenants","/home/jay/Programming_Projects/Palen-Lab/bowen.biodiversity.webapp/data-etl/data-1-raw/datasets/protectedareas/BI-Covenant-Catalogue-Layer 1.3.2.gpkg"
"31","BB340394 & BB340395","Covenants","/home/jay/Programming_Projects/Palen-Lab/bowen.biodiversity.webapp/data-etl/data-1-raw/datasets/protectedareas/BI-Covenant-Catalogue-Layer 1.3.2.gpkg"
"321","BB130058 to BB130063","Covenants","/home/jay/Programming_Projects/Palen-Lab/bowen.biodiversity.webapp/data-etl/data-1-raw/datasets/protectedareas/BI-Covenant-Catalogue-Layer 1.3.2.gpkg"
"331","BB130058 to BB130063","Covenants","/home/jay/Programming_Projects/Palen-Lab/bowen.biodiversity.webapp/data-etl/data-1-raw/datasets/protectedareas/BI-Covenant-Catalogue-Layer 1.3.2.gpkg"
"341","BB130044 to BB130049","Covenants","/home/jay/Programming_Projects/Palen-Lab/bowen.biodiversity.webapp/data-etl/data-1-raw/datasets/protectedareas/BI-Covenant-Catalogue-Layer 1.3.2.gpkg"
"351","BB130055","Covenants","/home/jay/Programming_Projects/Palen-Lab/bowen.biodiversity.webapp/data-etl/data-1-raw/datasets/protectedareas/BI-Covenant-Catalogue-Layer 1.3.2.gpkg"
"361","CA7890060 to CA7890063","Covenants","/home/jay/Programming_Projects/Palen-Lab/bowen.biodiversity.webapp/data-etl/data-1-raw/datasets/protectedareas/BI-Covenant-Catalogue-Layer 1.3.2.gpkg"
"371","CA7890060 to CA7890063","Covenants","/home/jay/Programming_Projects/Palen-Lab/bowen.biodiversity.webapp/data-etl/data-1-raw/datasets/protectedareas/BI-Covenant-Catalogue-Layer 1.3.2.gpkg"
"381","CA7890060 to CA7890063","Covenants","/home/jay/Programming_Projects/Palen-Lab/bowen.biodiversity.webapp/data-etl/data-1-raw/datasets/protectedareas/BI-Covenant-Catalogue-Layer 1.3.2.gpkg"
"39","CA7890060 to CA7890063","Covenants","/home/jay/Programming_Projects/Palen-Lab/bowen.biodiversity.webapp/data-etl/data-1-raw/datasets/protectedareas/BI-Covenant-Catalogue-Layer 1.3.2.gpkg"
"401","BN320969 & BN320970","Covenants","/home/jay/Programming_Projects/Palen-Lab/bowen.biodiversity.webapp/data-etl/data-1-raw/datasets/protectedareas/BI-Covenant-Catalogue-Layer 1.3.2.gpkg"
"411","BN320918 & BN320919","Covenants","/home/jay/Programming_Projects/Palen-Lab/bowen.biodiversity.webapp/data-etl/data-1-raw/datasets/protectedareas/BI-Covenant-Catalogue-Layer 1.3.2.gpkg"
"421","BN320918 & BN320919","Covenants","/home/jay/Programming_Projects/Palen-Lab/bowen.biodiversity.webapp/data-etl/data-1-raw/datasets/protectedareas/BI-Covenant-Catalogue-Layer 1.3.2.gpkg"
"431","BN320918 & BN320919","Covenants","/home/jay/Programming_Projects/Palen-Lab/bowen.biodiversity.webapp/data-etl/data-1-raw/datasets/protectedareas/BI-Covenant-Catalogue-Layer 1.3.2.gpkg"
"441","BN320918 & BN320919","Covenants","/home/jay/Programming_Projects/Palen-Lab/bowen.biodiversity.webapp/data-etl/data-1-raw/datasets/protectedareas/BI-Covenant-Catalogue-Layer 1.3.2.gpkg"
"451","BN320918 & BN320919","Covenants","/home/jay/Programming_Projects/Palen-Lab/bowen.biodiversity.webapp/data-etl/data-1-raw/datasets/protectedareas/BI-Covenant-Catalogue-Layer 1.3.2.gpkg"
"461","BN320918 & BN320919","Covenants","/home/jay/Programming_Projects/Palen-Lab/bowen.biodiversity.webapp/data-etl/data-1-raw/datasets/protectedareas/BI-Covenant-Catalogue-Layer 1.3.2.gpkg"
"471","BN320918 & BN320919","Covenants","/home/jay/Programming_Projects/Palen-Lab/bowen.biodiversity.webapp/data-etl/data-1-raw/datasets/protectedareas/BI-Covenant-Catalogue-Layer 1.3.2.gpkg"
"481","BN320918 & BN320919","Covenants","/home/jay/Programming_Projects/Palen-Lab/bowen.biodiversity.webapp/data-etl/data-1-raw/datasets/protectedareas/BI-Covenant-Catalogue-Layer 1.3.2.gpkg"
"49","BN320918 & BN320919","Covenants","/home/jay/Programming_Projects/Palen-Lab/bowen.biodiversity.webapp/data-etl/data-1-raw/datasets/protectedareas/BI-Covenant-Catalogue-Layer 1.3.2.gpkg"
"501","BA251893","Covenants","/home/jay/Programming_Projects/Palen-Lab/bowen.biodiversity.webapp/data-etl/data-1-raw/datasets/protectedareas/BI-Covenant-Catalogue-Layer 1.3.2.gpkg"
"511","BA251893","Covenants","/home/jay/Programming_Projects/Palen-Lab/bowen.biodiversity.webapp/data-etl/data-1-raw/datasets/protectedareas/BI-Covenant-Catalogue-Layer 1.3.2.gpkg"
"521","BG192901","Covenants","/home/jay/Programming_Projects/Palen-Lab/bowen.biodiversity.webapp/data-etl/data-1-raw/datasets/protectedareas/BI-Covenant-Catalogue-Layer 1.3.2.gpkg"
"53","BA581105, BA581106","Covenants","/home/jay/Programming_Projects/Palen-Lab/bowen.biodiversity.webapp/data-etl/data-1-raw/datasets/protectedareas/BI-Covenant-Catalogue-Layer 1.3.2.gpkg"
"54","BA581105, BA581106","Covenants","/home/jay/Programming_Projects/Palen-Lab/bowen.biodiversity.webapp/data-etl/data-1-raw/datasets/protectedareas/BI-Covenant-Catalogue-Layer 1.3.2.gpkg"
"55","BG192901","Covenants","/home/jay/Programming_Projects/Palen-Lab/bowen.biodiversity.webapp/data-etl/data-1-raw/datasets/protectedareas/BI-Covenant-Catalogue-Layer 1.3.2.gpkg"
"56","tba","Covenants","/home/jay/Programming_Projects/Palen-Lab/bowen.biodiversity.webapp/data-etl/data-1-raw/datasets/protectedareas/BI-Covenant-Catalogue-Layer 1.3.2.gpkg"
"57","BT269455 to BT269458","Covenants","/home/jay/Programming_Projects/Palen-Lab/bowen.biodiversity.webapp/data-etl/data-1-raw/datasets/protectedareas/BI-Covenant-Catalogue-Layer 1.3.2.gpkg"
"58","BT269456","Covenants","/home/jay/Programming_Projects/Palen-Lab/bowen.biodiversity.webapp/data-etl/data-1-raw/datasets/protectedareas/BI-Covenant-Catalogue-Layer 1.3.2.gpkg"
"59","BB458512,  BJ345227 & LMP26106","Covenants","/home/jay/Programming_Projects/Palen-Lab/bowen.biodiversity.webapp/data-etl/data-1-raw/datasets/protectedareas/BI-Covenant-Catalogue-Layer 1.3.2.gpkg"
"60","BT269455","Covenants","/home/jay/Programming_Projects/Palen-Lab/bowen.biodiversity.webapp/data-etl/data-1-raw/datasets/protectedareas/BI-Covenant-Catalogue-Layer 1.3.2.gpkg"
"61","BT269455 & BT269458","Covenants","/home/jay/Programming_Projects/Palen-Lab/bowen.biodiversity.webapp/data-etl/data-1-raw/datasets/protectedareas/BI-Covenant-Catalogue-Layer 1.3.2.gpkg"
"621","BT269455 & BT269458-37","Covenants","/home/jay/Programming_Projects/Palen-Lab/bowen.biodiversity.webapp/data-etl/data-1-raw/datasets/protectedareas/BI-Covenant-Catalogue-Layer 1.3.2.gpkg"
"632","BT269455 & BT269458","Covenants","/home/jay/Programming_Projects/Palen-Lab/bowen.biodiversity.webapp/data-etl/data-1-raw/datasets/protectedareas/BI-Covenant-Catalogue-Layer 1.3.2.gpkg"
"642","BT269455 & BT269458","Covenants","/home/jay/Programming_Projects/Palen-Lab/bowen.biodiversity.webapp/data-etl/data-1-raw/datasets/protectedareas/BI-Covenant-Catalogue-Layer 1.3.2.gpkg"
"652","BT269455 & BT269458","Covenants","/home/jay/Programming_Projects/Palen-Lab/bowen.biodiversity.webapp/data-etl/data-1-raw/datasets/protectedareas/BI-Covenant-Catalogue-Layer 1.3.2.gpkg"
"661","BT269455 & BT269458","Covenants","/home/jay/Programming_Projects/Palen-Lab/bowen.biodiversity.webapp/data-etl/data-1-raw/datasets/protectedareas/BI-Covenant-Catalogue-Layer 1.3.2.gpkg"
"671","BT269455 & BT269458","Covenants","/home/jay/Programming_Projects/Palen-Lab/bowen.biodiversity.webapp/data-etl/data-1-raw/datasets/protectedareas/BI-Covenant-Catalogue-Layer 1.3.2.gpkg"
"681","BT269455 & BT269458","Covenants","/home/jay/Programming_Projects/Palen-Lab/bowen.biodiversity.webapp/data-etl/data-1-raw/datasets/protectedareas/BI-Covenant-Catalogue-Layer 1.3.2.gpkg"
"691","BT269455 & BT269458","Covenants","/home/jay/Programming_Projects/Palen-Lab/bowen.biodiversity.webapp/data-etl/data-1-raw/datasets/protectedareas/BI-Covenant-Catalogue-Layer 1.3.2.gpkg"
"701","BX356796","Covenants","/home/jay/Programming_Projects/Palen-Lab/bowen.biodiversity.webapp/data-etl/data-1-raw/datasets/protectedareas/BI-Covenant-Catalogue-Layer 1.3.2.gpkg"
"71","BB1228308","Covenants","/home/jay/Programming_Projects/Palen-Lab/bowen.biodiversity.webapp/data-etl/data-1-raw/datasets/protectedareas/BI-Covenant-Catalogue-Layer 1.3.2.gpkg"
"721","BB1228308","Covenants","/home/jay/Programming_Projects/Palen-Lab/bowen.biodiversity.webapp/data-etl/data-1-raw/datasets/protectedareas/BI-Covenant-Catalogue-Layer 1.3.2.gpkg"
"731","BB458527 & BB458528","Covenants","/home/jay/Programming_Projects/Palen-Lab/bowen.biodiversity.webapp/data-etl/data-1-raw/datasets/protectedareas/BI-Covenant-Catalogue-Layer 1.3.2.gpkg"
"741","BW422282","Covenants","/home/jay/Programming_Projects/Palen-Lab/bowen.biodiversity.webapp/data-etl/data-1-raw/datasets/protectedareas/BI-Covenant-Catalogue-Layer 1.3.2.gpkg"
"75","BW422282","Covenants","/home/jay/Programming_Projects/Palen-Lab/bowen.biodiversity.webapp/data-etl/data-1-raw/datasets/protectedareas/BI-Covenant-Catalogue-Layer 1.3.2.gpkg"
"761","BW422282","Covenants","/home/jay/Programming_Projects/Palen-Lab/bowen.biodiversity.webapp/data-etl/data-1-raw/datasets/protectedareas/BI-Covenant-Catalogue-Layer 1.3.2.gpkg"
"77","BB1494533","Covenants","/home/jay/Programming_Projects/Palen-Lab/bowen.biodiversity.webapp/data-etl/data-1-raw/datasets/protectedareas/BI-Covenant-Catalogue-Layer 1.3.2.gpkg"
"781","BB1494541","Covenants","/home/jay/Programming_Projects/Palen-Lab/bowen.biodiversity.webapp/data-etl/data-1-raw/datasets/protectedareas/BI-Covenant-Catalogue-Layer 1.3.2.gpkg"
"791","CA3722332 & CA3722333","Covenants","/home/jay/Programming_Projects/Palen-Lab/bowen.biodiversity.webapp/data-etl/data-1-raw/datasets/protectedareas/BI-Covenant-Catalogue-Layer 1.3.2.gpkg"
"801","BB340389, BB340390","Covenants","/home/jay/Programming_Projects/Palen-Lab/bowen.biodiversity.webapp/data-etl/data-1-raw/datasets/protectedareas/BI-Covenant-Catalogue-Layer 1.3.2.gpkg"
"811","BB340389, BB340390","Covenants","/home/jay/Programming_Projects/Palen-Lab/bowen.biodiversity.webapp/data-etl/data-1-raw/datasets/protectedareas/BI-Covenant-Catalogue-Layer 1.3.2.gpkg"
"821","BB340389, BB340390","Covenants","/home/jay/Programming_Projects/Palen-Lab/bowen.biodiversity.webapp/data-etl/data-1-raw/datasets/protectedareas/BI-Covenant-Catalogue-Layer 1.3.2.gpkg"
"831","BB340389, BB340390","Covenants","/home/jay/Programming_Projects/Palen-Lab/bowen.biodiversity.webapp/data-etl/data-1-raw/datasets/protectedareas/BI-Covenant-Catalogue-Layer 1.3.2.gpkg"
"841","BB327479","Covenants","/home/jay/Programming_Projects/Palen-Lab/bowen.biodiversity.webapp/data-etl/data-1-raw/datasets/protectedareas/BI-Covenant-Catalogue-Layer 1.3.2.gpkg"
"851","BB149169 & BB149170","Covenants","/home/jay/Programming_Projects/Palen-Lab/bowen.biodiversity.webapp/data-etl/data-1-raw/datasets/protectedareas/BI-Covenant-Catalogue-Layer 1.3.2.gpkg"
"861","BB149169 & BB149170","Covenants","/home/jay/Programming_Projects/Palen-Lab/bowen.biodiversity.webapp/data-etl/data-1-raw/datasets/protectedareas/BI-Covenant-Catalogue-Layer 1.3.2.gpkg"
"871","BB327479","Covenants","/home/jay/Programming_Projects/Palen-Lab/bowen.biodiversity.webapp/data-etl/data-1-raw/datasets/protectedareas/BI-Covenant-Catalogue-Layer 1.3.2.gpkg"
"881","BB1053864","Covenants","/home/jay/Programming_Projects/Palen-Lab/bowen.biodiversity.webapp/data-etl/data-1-raw/datasets/protectedareas/BI-Covenant-Catalogue-Layer 1.3.2.gpkg"
"891","BB1053864","Covenants","/home/jay/Programming_Projects/Palen-Lab/bowen.biodiversity.webapp/data-etl/data-1-raw/datasets/protectedareas/BI-Covenant-Catalogue-Layer 1.3.2.gpkg"
"901","BB1053864","Covenants","/home/jay/Programming_Projects/Palen-Lab/bowen.biodiversity.webapp/data-etl/data-1-raw/datasets/protectedareas/BI-Covenant-Catalogue-Layer 1.3.2.gpkg"
"91","BB753719","Covenants","/home/jay/Programming_Projects/Palen-Lab/bowen.biodiversity.webapp/data-etl/data-1-raw/datasets/protectedareas/BI-Covenant-Catalogue-Layer 1.3.2.gpkg"
"92","CA6515213","Covenants","/home/jay/Programming_Projects/Palen-Lab/bowen.biodiversity.webapp/data-etl/data-1-raw/datasets/protectedareas/BI-Covenant-Catalogue-Layer 1.3.2.gpkg"
"93","BJ345227 & LMP26106","Covenants","/home/jay/Programming_Projects/Palen-Lab/bowen.biodiversity.webapp/data-etl/data-1-raw/datasets/protectedareas/BI-Covenant-Catalogue-Layer 1.3.2.gpkg"
"94","BW88586 & BW08858","Covenants","/home/jay/Programming_Projects/Palen-Lab/bowen.biodiversity.webapp/data-etl/data-1-raw/datasets/protectedareas/BI-Covenant-Catalogue-Layer 1.3.2.gpkg"
"95","BW88586 & BW08858","Covenants","/home/jay/Programming_Projects/Palen-Lab/bowen.biodiversity.webapp/data-etl/data-1-raw/datasets/protectedareas/BI-Covenant-Catalogue-Layer 1.3.2.gpkg"
"96","BX128050 & BX128051","Covenants","/home/jay/Programming_Projects/Palen-Lab/bowen.biodiversity.webapp/data-etl/data-1-raw/datasets/protectedareas/BI-Covenant-Catalogue-Layer 1.3.2.gpkg"
"97","BX128050 & BX128051","Covenants","/home/jay/Programming_Projects/Palen-Lab/bowen.biodiversity.webapp/data-etl/data-1-raw/datasets/protectedareas/BI-Covenant-Catalogue-Layer 1.3.2.gpkg"
"98","BF289760","Covenants","/home/jay/Programming_Projects/Palen-Lab/bowen.biodiversity.webapp/data-etl/data-1-raw/datasets/protectedareas/BI-Covenant-Catalogue-Layer 1.3.2.gpkg"
"99","BV300555 & BV300556","Covenants","/home/jay/Programming_Projects/Palen-Lab/bowen.biodiversity.webapp/data-etl/data-1-raw/datasets/protectedareas/BI-Covenant-Catalogue-Layer 1.3.2.gpkg"
"100","BX117559 & 117560","Covenants","/home/jay/Programming_Projects/Palen-Lab/bowen.biodiversity.webapp/data-etl/data-1-raw/datasets/protectedareas/BI-Covenant-Catalogue-Layer 1.3.2.gpkg"
"101","BA146488 &  BA146489","Covenants","/home/jay/Programming_Projects/Palen-Lab/bowen.biodiversity.webapp/data-etl/data-1-raw/datasets/protectedareas/BI-Covenant-Catalogue-Layer 1.3.2.gpkg"
"102","BA146497 &  BA146498","Covenants","/home/jay/Programming_Projects/Palen-Lab/bowen.biodiversity.webapp/data-etl/data-1-raw/datasets/protectedareas/BI-Covenant-Catalogue-Layer 1.3.2.gpkg"
"103","BB1078055 & BB1078060","Covenants","/home/jay/Programming_Projects/Palen-Lab/bowen.biodiversity.webapp/data-etl/data-1-raw/datasets/protectedareas/BI-Covenant-Catalogue-Layer 1.3.2.gpkg"
"104","BH168676 & BH168677","Covenants","/home/jay/Programming_Projects/Palen-Lab/bowen.biodiversity.webapp/data-etl/data-1-raw/datasets/protectedareas/BI-Covenant-Catalogue-Layer 1.3.2.gpkg"
"105","BX117541 & BX117542; map BCP16188","Covenants","/home/jay/Programming_Projects/Palen-Lab/bowen.biodiversity.webapp/data-etl/data-1-raw/datasets/protectedareas/BI-Covenant-Catalogue-Layer 1.3.2.gpkg"
"106","BX117541 & BX117542; map BCP16188","Covenants","/home/jay/Programming_Projects/Palen-Lab/bowen.biodiversity.webapp/data-etl/data-1-raw/datasets/protectedareas/BI-Covenant-Catalogue-Layer 1.3.2.gpkg"
"107","BX117541 & BX117542; map BCP16188","Covenants","/home/jay/Programming_Projects/Palen-Lab/bowen.biodiversity.webapp/data-etl/data-1-raw/datasets/protectedareas/BI-Covenant-Catalogue-Layer 1.3.2.gpkg"
"108","BX117541 & BX117542; map BCP16188","Covenants","/home/jay/Programming_Projects/Palen-Lab/bowen.biodiversity.webapp/data-etl/data-1-raw/datasets/protectedareas/BI-Covenant-Catalogue-Layer 1.3.2.gpkg"
"109","BX117541 & BX117542; map BCP16188","Covenants","/home/jay/Programming_Projects/Palen-Lab/bowen.biodiversity.webapp/data-etl/data-1-raw/datasets/protectedareas/BI-Covenant-Catalogue-Layer 1.3.2.gpkg"
"110","BX117541 & BX117542; map BCP16188","Covenants","/home/jay/Programming_Projects/Palen-Lab/bowen.biodiversity.webapp/data-etl/data-1-raw/datasets/protectedareas/BI-Covenant-Catalogue-Layer 1.3.2.gpkg"
"111","BX117541 & BX117542; map BCP16188","Covenants","/home/jay/Programming_Projects/Palen-Lab/bowen.biodiversity.webapp/data-etl/data-1-raw/datasets/protectedareas/BI-Covenant-Catalogue-Layer 1.3.2.gpkg"
"112","BX117541 & BX117542; map BCP16188","Covenants","/home/jay/Programming_Projects/Palen-Lab/bowen.biodiversity.webapp/data-etl/data-1-raw/datasets/protectedareas/BI-Covenant-Catalogue-Layer 1.3.2.gpkg"
"113","BX117541 & BX117542; map BCP16188","Covenants","/home/jay/Programming_Projects/Palen-Lab/bowen.biodiversity.webapp/data-etl/data-1-raw/datasets/protectedareas/BI-Covenant-Catalogue-Layer 1.3.2.gpkg"
"114","BX117541 & BX117542; map BCP16188","Covenants","/home/jay/Programming_Projects/Palen-Lab/bowen.biodiversity.webapp/data-etl/data-1-raw/datasets/protectedareas/BI-Covenant-Catalogue-Layer 1.3.2.gpkg"
"115","BX117541 & BX117542; map BCP16188","Covenants","/home/jay/Programming_Projects/Palen-Lab/bowen.biodiversity.webapp/data-etl/data-1-raw/datasets/protectedareas/BI-Covenant-Catalogue-Layer 1.3.2.gpkg"
"116","BX117541 & BX117542; map BCP16188","Covenants","/home/jay/Programming_Projects/Palen-Lab/bowen.biodiversity.webapp/data-etl/data-1-raw/datasets/protectedareas/BI-Covenant-Catalogue-Layer 1.3.2.gpkg"
"117","BX117541 & BX117542; map BCP16188","Covenants","/home/jay/Programming_Projects/Palen-Lab/bowen.biodiversity.webapp/data-etl/data-1-raw/datasets/protectedareas/BI-Covenant-Catalogue-Layer 1.3.2.gpkg"
"118","BX117541 & BX117542; map BCP16188","Covenants","/home/jay/Programming_Projects/Palen-Lab/bowen.biodiversity.webapp/data-etl/data-1-raw/datasets/protectedareas/BI-Covenant-Catalogue-Layer 1.3.2.gpkg"
"119","VAS2166,  GB65797","Covenants","/home/jay/Programming_Projects/Palen-Lab/bowen.biodiversity.webapp/data-etl/data-1-raw/datasets/protectedareas/BI-Covenant-Catalogue-Layer 1.3.2.gpkg"
"120","GB65797","Covenants","/home/jay/Programming_Projects/Palen-Lab/bowen.biodiversity.webapp/data-etl/data-1-raw/datasets/protectedareas/BI-Covenant-Catalogue-Layer 1.3.2.gpkg"
"121","BB340391 & BB340392","Covenants","/home/jay/Programming_Projects/Palen-Lab/bowen.biodiversity.webapp/data-etl/data-1-raw/datasets/protectedareas/BI-Covenant-Catalogue-Layer 1.3.2.gpkg"
"122","BB340391 & BB340392","Covenants","/home/jay/Programming_Projects/Palen-Lab/bowen.biodiversity.webapp/data-etl/data-1-raw/datasets/protectedareas/BI-Covenant-Catalogue-Layer 1.3.2.gpkg"
"123","BX128050 & BX128051","Covenants","/home/jay/Programming_Projects/Palen-Lab/bowen.biodiversity.webapp/data-etl/data-1-raw/datasets/protectedareas/BI-Covenant-Catalogue-Layer 1.3.2.gpkg"
"124","BL235623","Covenants","/home/jay/Programming_Projects/Palen-Lab/bowen.biodiversity.webapp/data-etl/data-1-raw/datasets/protectedareas/BI-Covenant-Catalogue-Layer 1.3.2.gpkg"
"126","BB2023323 & BB2023324","Covenants","/home/jay/Programming_Projects/Palen-Lab/bowen.biodiversity.webapp/data-etl/data-1-raw/datasets/protectedareas/BI-Covenant-Catalogue-Layer 1.3.2.gpkg"
"127","BB2023323 & BB2023324","Covenants","/home/jay/Programming_Projects/Palen-Lab/bowen.biodiversity.webapp/data-etl/data-1-raw/datasets/protectedareas/BI-Covenant-Catalogue-Layer 1.3.2.gpkg"
"128","BW311065 & BW311066","Covenants","/home/jay/Programming_Projects/Palen-Lab/bowen.biodiversity.webapp/data-etl/data-1-raw/datasets/protectedareas/BI-Covenant-Catalogue-Layer 1.3.2.gpkg"
"129","BW311065 & BW311066","Covenants","/home/jay/Programming_Projects/Palen-Lab/bowen.biodiversity.webapp/data-etl/data-1-raw/datasets/protectedareas/BI-Covenant-Catalogue-Layer 1.3.2.gpkg"
"130","CA7246376","Covenants","/home/jay/Programming_Projects/Palen-Lab/bowen.biodiversity.webapp/data-etl/data-1-raw/datasets/protectedareas/BI-Covenant-Catalogue-Layer 1.3.2.gpkg"
"131","CA3541925~CA3541926","Covenants","/home/jay/Programming_Projects/Palen-Lab/bowen.biodiversity.webapp/data-etl/data-1-raw/datasets/protectedareas/BI-Covenant-Catalogue-Layer 1.3.2.gpkg"
"132","CA3541925~CA3541926","Covenants","/home/jay/Programming_Projects/Palen-Lab/bowen.biodiversity.webapp/data-etl/data-1-raw/datasets/protectedareas/BI-Covenant-Catalogue-Layer 1.3.2.gpkg"
"133","CA5832374","Covenants","/home/jay/Programming_Projects/Palen-Lab/bowen.biodiversity.webapp/data-etl/data-1-raw/datasets/protectedareas/BI-Covenant-Catalogue-Layer 1.3.2.gpkg"
"134","CA3952697,  EPP 12618","Covenants","/home/jay/Programming_Projects/Palen-Lab/bowen.biodiversity.webapp/data-etl/data-1-raw/datasets/protectedareas/BI-Covenant-Catalogue-Layer 1.3.2.gpkg"
"135","R2824","Covenants","/home/jay/Programming_Projects/Palen-Lab/bowen.biodiversity.webapp/data-etl/data-1-raw/datasets/protectedareas/BI-Covenant-Catalogue-Layer 1.3.2.gpkg"
"136","BT367244 & BT367241","Covenants","/home/jay/Programming_Projects/Palen-Lab/bowen.biodiversity.webapp/data-etl/data-1-raw/datasets/protectedareas/BI-Covenant-Catalogue-Layer 1.3.2.gpkg"
"137","BL235623","Covenants","/home/jay/Programming_Projects/Palen-Lab/bowen.biodiversity.webapp/data-etl/data-1-raw/datasets/protectedareas/BI-Covenant-Catalogue-Layer 1.3.2.gpkg"
"138","BX117513","Covenants","/home/jay/Programming_Projects/Palen-Lab/bowen.biodiversity.webapp/data-etl/data-1-raw/datasets/protectedareas/BI-Covenant-Catalogue-Layer 1.3.2.gpkg"
"139","BX117513","Covenants","/home/jay/Programming_Projects/Palen-Lab/bowen.biodiversity.webapp/data-etl/data-1-raw/datasets/protectedareas/BI-Covenant-Catalogue-Layer 1.3.2.gpkg"
"140","BX117513","Covenants","/home/jay/Programming_Projects/Palen-Lab/bowen.biodiversity.webapp/data-etl/data-1-raw/datasets/protectedareas/BI-Covenant-Catalogue-Layer 1.3.2.gpkg"
"141","BX117513","Covenants","/home/jay/Programming_Projects/Palen-Lab/bowen.biodiversity.webapp/data-etl/data-1-raw/datasets/protectedareas/BI-Covenant-Catalogue-Layer 1.3.2.gpkg"
"142","1710 Whitesails","Covenants","/home/jay/Programming_Projects/Palen-Lab/bowen.biodiversity.webapp/data-etl/data-1-raw/datasets/protectedareas/BI-Covenant-Catalogue-Layer 1.3.2.gpkg"
"143","1710 Whitesails","Covenants","/home/jay/Programming_Projects/Palen-Lab/bowen.biodiversity.webapp/data-etl/data-1-raw/datasets/protectedareas/BI-Covenant-Catalogue-Layer 1.3.2.gpkg"
"512","Mount Gardner","Ecological Reserve","/home/jay/Programming_Projects/Palen-Lab/bowen.biodiversity.webapp/data-etl/data-1-raw/datasets/protectedareas/Eco-Reserve-JD.gpkg"
"522","Bowen Island Ecological Reserve","Ecological Reserve","/home/jay/Programming_Projects/Palen-Lab/bowen.biodiversity.webapp/data-etl/data-1-raw/datasets/protectedareas/Eco-Reserve-JD.gpkg"
"810","Crippen Regional Park","MetroVancouver Park","/home/jay/Programming_Projects/Palen-Lab/bowen.biodiversity.webapp/data-etl/data-1-raw/datasets/protectedareas/Bowen-Metro-Parks-JD.gpkg"
"382","Bowen Island Municipal Park","MetroVancouver Park","/home/jay/Programming_Projects/Palen-Lab/bowen.biodiversity.webapp/data-etl/data-1-raw/datasets/protectedareas/Bowen-Metro-Parks-JD.gpkg"
"491","Crippen Regional Park/Dorman Point","MetroVancouver Park","/home/jay/Programming_Projects/Palen-Lab/bowen.biodiversity.webapp/data-etl/data-1-raw/datasets/protectedareas/Bowen-Metro-Parks-JD.gpkg"
"612","Cape Roger Curtis Regional Park","MetroVancouver Park","/home/jay/Programming_Projects/Palen-Lab/bowen.biodiversity.webapp/data-etl/data-1-raw/datasets/protectedareas/Bowen-Metro-Parks-JD.gpkg"
"622","Art Rennison Nature Park","MetroVancouver Park","/home/jay/Programming_Projects/Palen-Lab/bowen.biodiversity.webapp/data-etl/data-1-raw/datasets/protectedareas/Bowen-Metro-Parks-JD.gpkg"
"633","Metro property north central","MetroVancouver Park","/home/jay/Programming_Projects/Palen-Lab/bowen.biodiversity.webapp/data-etl/data-1-raw/datasets/protectedareas/Bowen-Metro-Parks-JD.gpkg"
"812","Apodaca Provincial Park","Provincial Park","/home/jay/Programming_Projects/Palen-Lab/bowen.biodiversity.webapp/data-etl/data-1-raw/datasets/protectedareas/Bowen-Prov-Parks-JD.gpkg"
